map_name,condition,circuit_id,leg_index,leg_m,start_lat,start_lon,end_lat,end_lon,pc1,pc2,decision_pressure,parallel_affordance,crossing_density,exit_clarity,contour_crossing_guidance,HANDRAIL_FOLLOW,LINE_CROSSING,ATTACK_POINT,DIRECT_RISK_RUN,RELIEF_CROSSING_GUIDANCE,SAFETY_RECOVERY,circuit_fitness
montmirel,A,a224b8f6a4,0,300.2,48.531326,0.295425,48.528644,0.2949,1.9107,1.6372,0.475,0.4493,0.0846,0.1242,1.0,0.1583,0.0783,0.475,0.0,0.3524,0.0,89.275
montmirel,A,a224b8f6a4,1,258.8,48.528644,0.2949,48.527332,0.297809,3.4396,2.2546,0.625,0.6572,0.0818,0.1284,0.5286,0.2355,0.0755,0.4714,0.0,0.1894,0.1536,89.275
montmirel,A,a224b8f6a4,2,359.7,48.527332,0.297809,48.529024,0.301982,-14.216,6.512,0.0,1.0,0.7255,1.0,0.2743,1.0,0.2902,0.0,0.0,0.2743,0.0,89.275
montmirel,A,a224b8f6a4,3,313.5,48.529024,0.301982,48.531147,0.299168,-3.8383,-0.4549,0.1832,0.6815,0.2109,0.7638,0.3904,0.5956,0.1143,0.143,0.0,0.3412,0.0402,89.275
montmirel,A,a224b8f6a4,4,924.8,48.531147,0.299168,48.522816,0.299365,-9.8381,-4.1107,0.0009,1.0,0.1791,0.9985,1.0,0.9993,0.0718,0.0009,0.0,0.9993,0.0,89.275
montmirel,A,a224b8f6a4,5,477.4,48.522816,0.299365,48.524353,0.2933,-3.4055,-5.4165,0.0183,1.0,0.0012,0.9635,0.2622,0.9816,0.0005,0.0183,0.0,0.2574,0.0,89.275
montmirel,A,a224b8f6a4,6,355.2,48.524353,0.2933,48.523049,0.288888,10.8076,0.1095,0.9527,0.0,0.0,0.0,0.0946,0.0,0.0,0.5,0.0,0.0,0.4527,89.275
montmirel,A,a224b8f6a4,7,323.9,48.523049,0.288888,48.525829,0.290222,11.247,0.1356,1.0,0.0,0.0,0.0,0.0,0.0,0.0,0.5,0.0,0.0,0.5,89.275
montmirel,A,a224b8f6a4,8,539.4,48.525829,0.290222,48.53068,0.289791,4.2886,2.1054,0.5169,0.743,0.0339,0.0,1.0,0.0,0.0339,0.5169,0.0,0.0,0.0,89.275
montmirel,A,a224b8f6a4,9,527.9,48.53068,0.289791,48.529322,0.296672,1.1865,6.6791,0.5827,1.0,0.1655,0.0002,1.0,0.0128,0.1655,0.5827,0.0,0.0128,0.0,89.275
montmirel,A,a224b8f6a4,10,404.9,48.529322,0.296672,48.532584,0.299137,-6.0278,-3.9378,0.1314,1.0,0.0623,0.7526,1.0,0.8675,0.0342,0.1314,0.0,0.8675,0.0,89.275
montmirel,A,a224b8f6a4,11,305.1,48.532584,0.299137,48.531691,0.303062,-5.507,-3.1742,0.0762,0.9685,0.1143,0.8671,0.5465,0.9018,0.0549,0.0741,0.0,0.5089,0.0021,89.275
montmirel,A,a224b8f6a4,12,407.9,48.531691,0.303062,48.528301,0.305201,-11.6663,2.1639,0.006,1.0,0.4842,0.9919,0.4769,0.996,0.196,0.006,0.0,0.4749,0.0,89.275
montmirel,A,a224b8f6a4,13,793.2,48.528301,0.305201,48.531326,0.295425,2.5725,4.123,0.5427,1.0,0.0862,0.0007,1.0,0.0271,0.0862,0.5427,0.0,0.0271,0.0,89.275
montmirel,B-open,111edc3fd2,0,960.7,48.531326,0.295425,48.535686,0.284134,0.759,5.1053,0.5503,0.9508,0.1359,0.0311,1.0,0.1677,0.1334,0.5503,0.0,0.1764,0.0,86.6374
montmirel,B-open,111edc3fd2,1,225.3,48.535686,0.284134,48.533656,0.284134,1.4878,-1.9433,0.3303,0.0049,0.0742,0.3851,1.0,0.003,0.0571,0.3303,0.0,0.6206,0.0,86.6374
montmirel,B-open,111edc3fd2,2,495.7,48.533656,0.284134,48.530962,0.289512,4.2929,2.6759,0.532,0.4942,0.064,0.0,1.0,0.0,0.064,0.532,0.0,0.0,0.0,86.6374
montmirel,B-open,111edc3fd2,3,1124.5,48.530962,0.289512,48.536904,0.301904,-8.8864,0.1521,0.1632,1.0,0.2538,0.7397,1.0,0.8601,0.1412,0.1632,0.0,0.8601,0.0,86.6374
montmirel,B-open,111edc3fd2,4,349.3,48.536904,0.301904,48.539856,0.30026,4.3726,3.1439,0.5458,0.2339,0.0915,0.0,1.0,0.0,0.0915,0.5458,0.0,0.0,0.0,86.6374
montmirel,B-open,111edc3fd2,5,295.1,48.539856,0.30026,48.538587,0.303788,8.1202,-0.3751,0.6904,0.0,0.0,0.0264,0.5817,0.0,0.0,0.4868,0.0,0.0946,0.2036,86.6374
montmirel,B-open,111edc3fd2,6,428.8,48.538587,0.303788,48.538112,0.297997,4.4082,3.058,0.5442,0.2445,0.0883,0.0,1.0,0.0,0.0883,0.5442,0.0,0.0,0.0,86.6374
montmirel,B-open,111edc3fd2,7,646.0,48.538112,0.297997,48.533115,0.293493,-0.584,5.6783,0.5433,0.8853,0.1767,0.0765,1.0,0.2449,0.1686,0.5433,0.0,0.2766,0.0,86.6374
montmirel,B-open,111edc3fd2,8,750.5,48.533115,0.293493,48.539753,0.291553,1.1467,4.6445,0.5444,1.0,0.1158,0.0243,1.0,0.1558,0.1141,0.5444,0.0,0.1558,0.0,86.6374
montmirel,B-open,111edc3fd2,9,216.5,48.539753,0.291553,48.537837,0.291003,4.0404,-3.7974,0.3812,0.2148,0.0,0.5393,0.3451,0.1578,0.0,0.2303,0.0,0.2534,0.1508,86.6374
montmirel,B-open,111edc3fd2,10,179.1,48.537837,0.291003,48.53767,0.293427,-2.0086,-0.5567,0.2701,1.0,0.0802,0.4998,0.516,0.707,0.0561,0.2701,0.0,0.3648,0.0,86.6374
montmirel,B-open,111edc3fd2,11,406.4,48.53767,0.293427,48.534039,0.292719,-6.0439,-6.3501,0.0011,0.5441,0.0904,0.9979,1.0,0.5435,0.0363,0.0011,0.0,0.9989,0.0,86.6374
montmirel,B-open,111edc3fd2,12,403.2,48.534039,0.292719,48.532687,0.297809,-2.6077,-2.4665,0.2731,1.0,0.018,0.4634,1.0,0.6808,0.013,0.2731,0.0,0.6808,0.0,86.6374
montmirel,B-open,111edc3fd2,13,231.4,48.532687,0.297809,48.531326,0.295425,-4.2317,0.9586,0.3214,0.9038,0.1529,0.4424,1.0,0.6011,0.1123,0.3214,0.0,0.6651,0.0,86.6374
montmirel,B-handrail,2695d0e1c3,0,538.7,48.531326,0.295425,48.533846,0.289162,1.3292,4.5748,0.5454,0.8625,0.1221,0.028,1.0,0.1443,0.1201,0.5454,0.0,0.1673,0.0,89.6565
montmirel,B-handrail,2695d0e1c3,1,321.1,48.533846,0.289162,48.530962,0.289512,1.2168,5.9875,0.5723,0.9569,0.1503,0.0049,1.0,0.067,0.1499,0.5723,0.0,0.07,0.0,89.6565
montmirel,B-handrail,2695d0e1c3,2,557.0,48.530962,0.289512,48.529322,0.296672,-0.8174,7.7294,0.5903,1.0,0.2161,0.0292,1.0,0.1708,0.2123,0.5903,0.0,0.1708,0.0,89.6565
montmirel,B-handrail,2695d0e1c3,3,404.9,48.529322,0.296672,48.532584,0.299137,-6.0278,-3.9378,0.1314,1.0,0.0623,0.7526,1.0,0.8675,0.0342,0.1314,0.0,0.8675,0.0,89.6565
montmirel,B-handrail,2695d0e1c3,4,305.1,48.532584,0.299137,48.531691,0.303062,-5.507,-3.1742,0.0762,0.9685,0.1143,0.8671,0.5465,0.9018,0.0549,0.0741,0.0,0.5089,0.0021,89.6565
montmirel,B-handrail,2695d0e1c3,5,478.4,48.531691,0.303062,48.527413,0.303843,-10.6283,-2.3914,0.0,1.0,0.2694,1.0,0.8918,1.0,0.1077,0.0,0.0,0.8918,0.0,89.6565
montmirel,B-handrail,2695d0e1c3,6,1240.4,48.527413,0.303843,48.535708,0.292536,-10.1707,-2.6887,0.0323,1.0,0.2295,0.9475,1.0,0.9734,0.099,0.0323,0.0,0.9734,0.0,89.6565
montmirel,B-handrail,2695d0e1c3,7,454.8,48.535708,0.292536,48.539753,0.291553,0.5442,5.1179,0.5479,1.0,0.1355,0.035,1.0,0.187,0.1327,0.5479,0.0,0.187,0.0,89.6565
montmirel,B-handrail,2695d0e1c3,8,261.9,48.539753,0.291553,48.539904,0.287997,4.3684,-3.3314,0.4226,0.2861,0.0,0.5068,0.2696,0.2037,0.0,0.2466,0.0,0.192,0.176,89.6565
montmirel,B-handrail,2695d0e1c3,9,469.8,48.539904,0.287997,48.53767,0.293427,-0.3649,4.1187,0.4973,0.5688,0.1716,0.1511,1.0,0.2211,0.156,0.4973,0.0,0.3888,0.0,89.6565
montmirel,B-handrail,2695d0e1c3,10,406.4,48.53767,0.293427,48.534039,0.292719,-6.0439,-6.3501,0.0011,0.5441,0.0904,0.9979,1.0,0.5435,0.0363,0.0011,0.0,0.9989,0.0,89.6565
montmirel,B-handrail,2695d0e1c3,11,845.4,48.534039,0.292719,48.527722,0.299141,-8.721,2.4204,0.2388,1.0,0.2989,0.6322,1.0,0.7951,0.1855,0.2388,0.0,0.7951,0.0,89.6565
montmirel,B-handrail,2695d0e1c3,12,374.2,48.527722,0.299141,48.527486,0.294063,-9.5665,-2.6532,0.0,1.0,0.2389,1.0,0.7641,1.0,0.0956,0.0,0.0,0.7641,0.0,89.6565
montmirel,B-handrail,2695d0e1c3,13,437.8,48.527486,0.294063,48.531326,0.295425,1.6871,2.8839,0.5093,0.7022,0.0916,0.0669,1.0,0.1817,0.088,0.5093,0.0,0.2587,0.0,89.6565
