map_name,condition,circuit_id,leg_index,leg_m,start_lat,start_lon,end_lat,end_lon,pc1,pc2,decision_pressure,parallel_affordance,crossing_density,exit_clarity,contour_crossing_guidance,HANDRAIL_FOLLOW,LINE_CROSSING,ATTACK_POINT,DIRECT_RISK_RUN,RELIEF_CROSSING_GUIDANCE,SAFETY_RECOVERY,circuit_fitness,route_diversity,path_length_ratio,decision_points,valid_graph_ratio
caen,A,682e834887,2,376.0,49.205502,-0.379016,49.202382,-0.377,-4.5694,7.6105,0.5146,1.0,0.2888,0.2015,1.0,0.4489,0.2539,0.5146,0.0,0.4489,0.0,59.392,0.7498,0.9636,16,1.0
caen,A,682e834887,3,103.1,49.202382,-0.377,49.202131,-0.378368,-8.3778,16.8497,0.6924,0.0,0.7926,0.4111,0.5805,0.0,0.5971,0.5278,0.0,0.3722,0.1646,59.392,0.8306,0.772,5,1.0
caen,A,682e834887,4,288.4,49.202131,-0.378368,49.204506,-0.379978,-3.3507,-3.0669,0.2355,1.0,0.0188,0.5378,1.0,0.7333,0.0127,0.2355,0.0,0.7333,0.0,59.392,0.7237,0.9032,8,1.0
caen,A,682e834887,5,78.9,49.204506,-0.379978,49.203995,-0.380734,-3.1486,6.274,0.4659,0.0,0.453,0.5468,0.507,0.0,0.3044,0.3293,0.0,0.3749,0.1367,59.392,0.5722,0.898,8,1.0
caen,A,682e834887,6,260.7,49.203995,-0.380734,49.201864,-0.379225,-6.6898,0.9263,0.2564,1.0,0.2034,0.5739,1.0,0.7576,0.1334,0.2564,0.0,0.7576,0.0,59.392,0.3489,0.989,11,1.0
caen,A,682e834887,7,154.7,49.201864,-0.379225,49.200592,-0.3801,-5.7866,1.6459,0.2371,0.3181,0.3185,0.6403,1.0,0.2545,0.1961,0.2371,0.0,0.8002,0.0,59.392,0.2077,0.9964,10,1.0
caen,A,682e834887,8,233.9,49.200592,-0.3801,49.201351,-0.383109,-5.2847,12.0601,0.603,1.0,0.4057,0.142,0.7855,0.3769,0.3711,0.603,0.0,0.296,0.0,59.392,0.5197,0.9803,11,1.0
caen,A,682e834887,9,105.3,49.201351,-0.383109,49.200411,-0.383303,-11.4345,15.2923,0.4678,0.0,0.8523,0.5435,0.8281,0.0,0.5744,0.4228,0.0,0.6105,0.045,59.392,0.0,0.0,3,1.0
caen,A,682e834887,10,131.0,49.200411,-0.383303,49.201156,-0.381902,1.2304,-0.9376,0.2955,0.5214,0.1137,0.6348,0.0182,0.4154,0.0704,0.2034,0.0,0.0145,0.0921,59.392,0.6775,0.9522,6,1.0
caen,A,682e834887,11,443.3,49.201156,-0.381902,49.205063,-0.380637,-8.7142,5.4205,0.3326,1.0,0.3603,0.511,1.0,0.7148,0.2499,0.3326,0.0,0.7148,0.0,59.392,0.1507,0.9978,26,1.0
caen,A,682e834887,12,215.2,49.205063,-0.380637,49.204502,-0.377797,-4.6418,3.7502,0.3772,0.8454,0.2636,0.4704,0.6976,0.5798,0.1892,0.3346,0.0,0.4785,0.0426,59.392,0.6158,0.9852,14,1.0
caen,A,682e834887,13,126.0,49.204502,-0.377797,49.205067,-0.37629,-2.7802,-1.6057,0.2573,0.5594,0.1097,0.5363,1.0,0.4097,0.0744,0.2573,0.0,0.7323,0.0,59.392,0.4233,0.8635,8,1.0
caen,A,682e834887,14,112.0,49.205067,-0.37629,49.204095,-0.376704,-8.3634,9.0189,0.3623,0.0776,0.6251,0.6027,0.8213,0.0602,0.399,0.3228,0.0,0.6376,0.0395,59.392,0.3089,0.9923,12,1.0
caen,A,682e834887,15,729.7,49.204095,-0.376704,49.201382,-0.385868,-9.4789,4.5332,0.2806,1.0,0.3677,0.5896,1.0,0.7679,0.2376,0.2806,0.0,0.7679,0.0,59.392,0.1504,0.9999,33,1.0
caen,A,682e834887,16,165.7,49.201382,-0.385868,49.202839,-0.386361,-1.3231,5.1849,0.4352,0.9557,0.22,0.3117,0.2074,0.5336,0.1788,0.4199,0.0,0.1158,0.0154,59.392,0.4221,0.9489,12,1.0
caen,A,682e834887,17,223.7,49.202839,-0.386361,49.203478,-0.383435,-5.4415,0.1585,0.0791,1.0,0.2449,0.8728,0.0688,0.9343,0.1167,0.0791,0.0,0.0643,0.0,59.392,0.5426,0.9961,12,1.0
caen,A,682e834887,18,217.3,49.203478,-0.383435,49.202594,-0.380761,-4.2073,6.7529,0.4502,1.0,0.2884,0.3011,0.6224,0.5487,0.2363,0.4502,0.0,0.3415,0.0,59.392,0.4521,0.9957,9,1.0
caen,B-open,6004b226ea,0,104.3,49.202594,-0.380761,49.203503,-0.381128,2.6252,-5.3211,0.2474,0.0,0.0,0.6262,0.6761,0.0,0.0,0.1869,0.0,0.535,0.0605,-10001.9248,0.2736,0.8121,7,1.0
caen,B-open,6004b226ea,1,148.4,49.203503,-0.381128,49.204815,-0.381517,-0.0882,-1.9782,0.3416,0.8317,0.0,0.3169,1.0,0.4682,0.0,0.3416,0.0,0.5629,0.0,-10001.9248,0.1947,0.9968,14,1.0
caen,B-open,6004b226ea,2,114.8,49.204815,-0.381517,49.205159,-0.383009,1.289,-1.1533,0.3697,0.1723,0.0789,0.3517,0.9388,0.1022,0.0623,0.3498,0.0,0.5567,0.0199,-10001.9248,0.6,0.8952,7,1.0
caen,B-open,6004b226ea,3,63.9,49.205159,-0.383009,49.205734,-0.382988,2.205,-4.3954,0.274,0.0,0.0021,0.4531,1.0,0.0,0.0016,0.274,0.0,0.6732,0.0,-10001.9248,0.8639,0.7846,5,1.0
caen,B-open,6004b226ea,4,134.7,49.205734,-0.382988,49.205734,-0.384846,4.4416,-5.3219,0.2191,0.0288,0.0,0.7726,0.0726,0.0253,0.0,0.1137,0.0,0.0638,0.1054,-10001.9248,0.3704,0.8795,3,1.0
caen,B-open,6004b226ea,5,144.7,49.205734,-0.384846,49.205734,-0.38285,9.1972,0.6352,0.8206,0.3588,0.0,0.0,0.1688,0.0,0.0,0.5,0.0,0.0,0.3206,-10001.9248,0.3846,0.8722,3,1.0
caen,B-open,6004b226ea,6,45.6,49.205734,-0.38285,49.205734,-0.383479,3.2725,-5.9364,0.1731,0.0,0.0,0.7972,0.2931,0.0,0.0,0.1014,0.0,0.2617,0.0717,-10001.9248,0.5556,0.8321,3,1.0
caen,B-open,6004b226ea,7,80.8,49.205734,-0.383479,49.205734,-0.382364,1.039,-7.6575,0.0,0.0,0.0,1.0,0.4251,0.0,0.0,0.0,0.0,0.4251,0.0,-10001.9248,0.2564,0.8509,6,1.0
caen,B-open,6004b226ea,8,98.2,49.205734,-0.382364,49.204851,-0.382278,1.3509,5.2771,0.5521,0.0,0.2161,0.0921,1.0,0.0,0.2042,0.5521,0.0,0.3034,0.0,-10001.9248,0.8557,0.9063,3,1.0
caen,B-open,6004b226ea,9,87.0,49.204851,-0.382278,49.204772,-0.381085,1.2753,-3.5092,0.2746,0.0,0.0537,0.5094,0.9343,0.0,0.0373,0.2585,0.0,0.6668,0.0162,-10001.9248,0.0,0.0,6,1.0
caen,B-open,6004b226ea,10,106.9,49.204772,-0.381085,49.205734,-0.381157,1.4228,3.5725,0.5025,0.0,0.1838,0.151,1.0,0.0,0.1671,0.5025,0.0,0.3886,0.0,-10001.9248,0.0,0.0,4,1.0
caen,B-open,6004b226ea,11,771.8,49.205734,-0.381157,49.199528,-0.385956,-6.1052,4.7522,0.3895,1.0,0.27,0.3866,1.0,0.6217,0.2074,0.3895,0.0,0.6217,0.0,-10001.9248,0.1233,0.9993,33,1.0
caen,B-open,6004b226ea,12,879.7,49.199528,-0.385956,49.203642,-0.375589,-9.9917,12.8235,0.5128,1.0,0.5434,0.3355,0.9133,0.5792,0.434,0.5128,0.0,0.529,0.0,-10001.9248,0.0,0.0,32,1.0
caen,B-open,6004b226ea,13,105.5,49.203642,-0.375589,49.204508,-0.376189,-9.7168,2.8744,0.0983,0.0809,0.5626,0.8741,1.0,0.0756,0.2675,0.0983,0.0,0.935,0.0,-10001.9248,0.0,0.0,2,1.0
caen,B-open,6004b226ea,14,86.6,49.204508,-0.376189,49.204111,-0.37516,5.0607,-4.1887,0.3774,0.0,0.0,0.5492,0.326,0.0,0.0,0.2254,0.0,0.2416,0.1519,-10001.9248,0.388,0.9493,8,1.0
caen,B-open,6004b226ea,15,132.3,49.204111,-0.37516,49.203963,-0.37697,2.462,4.6327,0.5608,0.1531,0.1631,0.0356,1.0,0.0289,0.1596,0.5608,0.0,0.1886,0.0,-10001.9248,0.383,0.9745,18,1.0
caen,B-open,6004b226ea,16,138.4,49.203963,-0.37697,49.204626,-0.378585,-3.321,0.8906,0.3376,0.9554,0.1325,0.4265,0.8525,0.6239,0.0986,0.3247,0.0,0.5567,0.0129,-10001.9248,0.6402,0.9647,6,1.0
caen,B-open,6004b226ea,17,505.8,49.204626,-0.378585,49.200105,-0.379452,-9.6393,5.2832,0.2991,1.0,0.3879,0.569,1.0,0.7543,0.2554,0.2991,0.0,0.7543,0.0,-10001.9248,0.2187,0.9979,23,1.0
caen,B-open,6004b226ea,18,292.2,49.200105,-0.379452,49.202594,-0.380761,-6.7538,2.1894,0.2928,1.0,0.2336,0.5252,1.0,0.7247,0.16,0.2928,0.0,0.7247,0.0,-10001.9248,0.3577,0.9895,16,1.0
caen,B-handrail,60696097db,0,271.4,49.202594,-0.380761,49.20407,-0.377777,-9.3925,9.1769,0.4294,1.0,0.4525,0.4087,1.0,0.6393,0.3415,0.4294,0.0,0.6393,0.0,57.4455,0.3215,0.8009,10,1.0
caen,B-handrail,60696097db,1,112.8,49.20407,-0.377777,49.203298,-0.378788,0.7772,-4.5627,0.2443,0.2225,0.0,0.5114,1.0,0.1591,0.0,0.2443,0.0,0.7151,0.0,57.4455,0.0,0.0,3,1.0
caen,B-handrail,60696097db,2,115.1,49.203298,-0.378788,49.203829,-0.380151,-4.5991,5.543,0.3733,0.0444,0.4638,0.606,0.6319,0.0346,0.2952,0.2884,0.0,0.4919,0.0849,57.4455,0.0,0.0,2,1.0
caen,B-handrail,60696097db,3,79.7,49.203829,-0.380151,49.203218,-0.380726,4.8963,-2.5652,0.4474,0.0,0.0,0.2562,0.7969,0.0,0.0,0.3719,0.0,0.4034,0.0755,57.4455,0.0,0.0,4,1.0
caen,B-handrail,60696097db,4,127.7,49.203218,-0.380726,49.204181,-0.379761,3.3818,-3.4014,0.3909,0.2479,0.0,0.4452,0.5908,0.1654,0.0,0.2774,0.0,0.3942,0.1135,57.4455,0.5282,0.7739,5,1.0
caen,B-handrail,60696097db,5,163.4,49.204181,-0.379761,49.20271,-0.379684,-3.7836,0.4008,0.2806,0.8633,0.1655,0.57,0.6523,0.6518,0.1089,0.2506,0.0,0.4925,0.0301,57.4455,0.4545,0.939,5,1.0
caen,B-handrail,60696097db,6,47.7,49.20271,-0.379684,49.203004,-0.379206,5.9623,-4.3822,0.3507,0.0,0.0,0.6493,0.0,0.0,0.0,0.1753,0.0,0.0,0.1753,57.4455,0.0,0.0,1,1.0
caen,B-handrail,60696097db,7,101.0,49.203004,-0.379206,49.203579,-0.380285,3.4276,-3.2587,0.3747,0.1064,0.0,0.3557,0.8369,0.0635,0.0,0.3222,0.0,0.4991,0.0525,57.4455,0.5625,0.9829,5,1.0
caen,B-handrail,60696097db,8,131.9,49.203579,-0.380285,49.202894,-0.378799,-5.0023,-2.2714,0.148,0.4668,0.1855,0.762,0.9421,0.4075,0.1007,0.1411,0.0,0.8224,0.007,57.4455,0.4737,0.9903,6,1.0
caen,B-handrail,60696097db,9,203.6,49.202894,-0.378799,49.20466,-0.37804,-10.6945,6.7913,0.3005,0.8823,0.4762,0.5928,1.0,0.6793,0.3068,0.3005,0.0,0.7699,0.0,57.4455,0.6764,0.9016,7,1.0
caen,B-handrail,60696097db,10,100.0,49.20466,-0.37804,49.205414,-0.378795,-2.1562,8.6536,0.6362,0.0,0.4644,0.4064,0.4575,0.0,0.3511,0.4346,0.0,0.2917,0.2016,57.4455,0.8336,0.9486,7,1.0
caen,B-handrail,60696097db,11,72.8,49.205414,-0.378795,49.205734,-0.37792,-0.3236,-7.2155,0.1006,0.0,0.0,0.7988,1.0,0.0,0.0,0.1006,0.0,0.8937,0.0,57.4455,0.8,0.9211,3,1.0
caen,B-handrail,60696097db,12,670.0,49.205734,-0.37792,49.199706,-0.377471,-3.1261,8.8819,0.5816,1.0,0.2827,0.0932,1.0,0.3053,0.2669,0.5816,0.0,0.3053,0.0,57.4455,0.5105,0.9866,30,1.0
caen,B-handrail,60696097db,13,188.4,49.199706,-0.377471,49.200483,-0.37516,4.5296,-4.8461,0.3012,0.0,0.0,0.6512,0.2728,0.0,0.0,0.1744,0.0,0.2202,0.1268,57.4455,0.3457,0.9164,6,1.0
caen,B-handrail,60696097db,14,296.0,49.200483,-0.37516,49.202131,-0.378368,-12.9745,0.5769,0.0235,0.9307,0.437,0.9673,1.0,0.9153,0.1834,0.0235,0.0,0.9835,0.0,57.4455,0.3584,0.9957,15,1.0
caen,B-handrail,60696097db,15,288.4,49.202131,-0.378368,49.204506,-0.379978,-3.3507,-3.0669,0.2355,1.0,0.0188,0.5378,1.0,0.7333,0.0127,0.2355,0.0,0.7333,0.0,57.4455,0.7237,0.9032,8,1.0
caen,B-handrail,60696097db,16,153.1,49.204506,-0.379978,49.205544,-0.378587,-6.8668,1.4597,0.2672,1.0,0.2207,0.5622,1.0,0.7498,0.1462,0.2672,0.0,0.7498,0.0,57.4455,0.5657,0.8011,5,1.0
caen,B-handrail,60696097db,17,117.7,49.205544,-0.378587,49.205734,-0.37699,-8.4638,7.7642,0.2765,0.1541,0.6638,0.762,0.5041,0.1345,0.3603,0.198,0.0,0.4401,0.0784,57.4455,0.7413,0.9347,4,1.0
caen,B-handrail,60696097db,18,443.0,49.205734,-0.37699,49.202594,-0.380761,-4.2125,11.7703,0.6367,1.0,0.364,0.0664,1.0,0.2578,0.3495,0.6367,0.0,0.2578,0.0,57.4455,0.4362,0.9628,18,1.0
