map_name,circuit_id,td,course_type,leg_index,leg_m,fitness_total,parallel_affordance,crossing_density,exit_clarity,contour_crossing_guidance,HANDRAIL_FOLLOW,LINE_CROSSING,ATTACK_POINT,DIRECT_RISK_RUN,RELIEF_CROSSING_GUIDANCE,SAFETY_RECOVERY,score_a,penalty_b,score_d,score_h
crohot,13f1a74610,5,forest,0,745.4,16.9913,0.2044,0.1359,0.004,1.0,0.013,0.1356,0.5657,0.0,0.0636,0.0,0.8702,0.0928,0.4597,0.825
crohot,13f1a74610,5,forest,1,208.8,16.9913,0.0,0.0664,0.5108,1.0,0.0,0.046,0.2609,0.0,0.7147,0.0,0.8702,0.0928,0.4597,0.825
crohot,13f1a74610,5,forest,2,161.9,16.9913,0.0,0.0572,0.7847,1.0,0.0,0.0303,0.1138,0.0,0.8858,0.0,0.8702,0.0928,0.4597,0.825
crohot,13f1a74610,5,forest,3,849.9,16.9913,0.475,0.0939,0.0299,1.0,0.0821,0.0922,0.5306,0.0,0.1729,0.0,0.8702,0.0928,0.4597,0.825
crohot,13f1a74610,5,forest,4,850.3,16.9913,0.968,0.1341,0.0,1.0,0.0,0.1341,0.567,0.0,0.0,0.0,0.8702,0.0928,0.4597,0.825
crohot,13f1a74610,5,forest,5,299.3,16.9913,0.0,0.1495,0.6089,1.0,0.0,0.0949,0.2248,0.0,0.7803,0.0,0.8702,0.0928,0.4597,0.825
crohot,13f1a74610,5,forest,6,381.0,16.9913,0.1372,0.1122,0.2562,1.0,0.0694,0.0949,0.4136,0.0,0.5061,0.0,0.8702,0.0928,0.4597,0.825
crohot,13f1a74610,5,forest,7,820.2,16.9913,0.1638,0.0,0.0,1.0,0.0,0.0,0.5,0.0,0.0,0.0,0.8702,0.0928,0.4597,0.825
crohot,13f1a74610,5,forest,8,617.6,16.9913,0.0,0.0,0.0,0.2911,0.0,0.0,0.5,0.0,0.0,0.3545,0.8702,0.0928,0.4597,0.825
crohot,13f1a74610,5,forest,9,365.5,16.9913,0.0,0.0,0.0,0.0,0.0,0.0,0.5,0.0,0.0,0.5,0.8702,0.0928,0.4597,0.825
crohot,13f1a74610,5,forest,10,428.3,16.9913,0.0,0.0,0.0,0.9564,0.0,0.0,0.5,0.0,0.0,0.0218,0.8702,0.0928,0.4597,0.825
crohot,13f1a74610,5,forest,11,623.6,16.9913,0.0,0.0,0.0,1.0,0.0,0.0,0.5,0.0,0.0,0.0,0.8702,0.0928,0.4597,0.825
crohot,13f1a74610,5,forest,12,113.1,16.9913,0.0,0.3092,0.2405,1.0,0.0,0.2646,0.4971,0.0,0.4904,0.0,0.8702,0.0928,0.4597,0.825
crohot,13f1a74610,5,forest,13,898.2,16.9913,1.0,0.0866,0.618,1.0,0.7861,0.0545,0.2076,0.0,0.7861,0.0,0.8702,0.0928,0.4597,0.825
crohot,13f1a74610,5,forest,14,589.5,16.9913,0.391,0.1929,0.5242,1.0,0.2831,0.1323,0.2838,0.0,0.724,0.0,0.8702,0.0928,0.4597,0.825
crohot,13f1a74610,5,forest,15,450.2,16.9913,0.0,0.1987,0.0273,1.0,0.0,0.1955,0.583,0.0,0.1653,0.0,0.8702,0.0928,0.4597,0.825
crohot,13f1a74610,5,forest,16,299.2,16.9913,0.0,0.0,1.0,0.9538,0.0,0.0,0.0,0.0,0.9538,0.0,0.8702,0.0928,0.4597,0.825
crohot,13f1a74610,5,forest,17,561.6,16.9913,0.0374,0.1243,0.0,1.0,0.0,0.1243,0.5622,0.0,0.0,0.0,0.8702,0.0928,0.4597,0.825
crohot,13f1a74610,5,forest,18,571.9,16.9913,0.462,0.1558,0.6375,1.0,0.3689,0.0962,0.2095,0.0,0.7984,0.0,0.8702,0.0928,0.4597,0.825
crohot,1ee90943aa,5,forest,0,1115.7,48.3707,1.0,0.2102,0.5408,1.0,0.7354,0.142,0.2778,0.0,0.7354,0.0,0.8702,0.0933,0.4174,0.52
crohot,1ee90943aa,5,forest,1,468.0,48.3707,0.1106,0.0791,0.6688,1.0,0.0905,0.0474,0.1787,0.0,0.8178,0.0,0.8702,0.0933,0.4174,0.52
crohot,1ee90943aa,5,forest,2,532.7,48.3707,0.0,0.0,0.0,1.0,0.0,0.0,0.5,0.0,0.0,0.0,0.8702,0.0933,0.4174,0.52
crohot,1ee90943aa,5,forest,3,227.3,48.3707,0.0,0.0,0.9485,1.0,0.0,0.0,0.0258,0.0,0.9739,0.0,0.8702,0.0933,0.4174,0.52
crohot,1ee90943aa,5,forest,4,778.7,48.3707,0.2097,0.0,0.0,1.0,0.0,0.0,0.5,0.0,0.0,0.0,0.8702,0.0933,0.4174,0.52
crohot,1ee90943aa,5,forest,5,228.3,48.3707,0.0,0.0,0.0,0.0,0.0,0.0,0.5,0.0,0.0,0.5,0.8702,0.0933,0.4174,0.52
crohot,1ee90943aa,5,forest,6,208.8,48.3707,0.0,0.0,0.0,0.0,0.0,0.0,0.5,0.0,0.0,0.5,0.8702,0.0933,0.4174,0.52
crohot,1ee90943aa,5,forest,7,383.3,48.3707,0.0,0.0,0.0,0.0,0.0,0.0,0.5,0.0,0.0,0.5,0.8702,0.0933,0.4174,0.52
crohot,1ee90943aa,5,forest,8,585.0,48.3707,0.0,0.0,0.0,0.1741,0.0,0.0,0.5,0.0,0.0,0.4129,0.8702,0.0933,0.4174,0.52
crohot,1ee90943aa,5,forest,9,759.8,48.3707,0.0604,0.0,0.0,1.0,0.0,0.0,0.5,0.0,0.0,0.0,0.8702,0.0933,0.4174,0.52
crohot,1ee90943aa,5,forest,10,536.7,48.3707,0.1415,0.0,0.8839,1.0,0.1331,0.0,0.0581,0.0,0.9401,0.0,0.8702,0.0933,0.4174,0.52
crohot,1ee90943aa,5,forest,11,425.3,48.3707,0.0209,0.0047,0.0,1.0,0.0,0.0047,0.5023,0.0,0.0,0.0,0.8702,0.0933,0.4174,0.52
crohot,1ee90943aa,5,forest,12,303.6,48.3707,0.0,0.0745,0.5499,1.0,0.0,0.0499,0.2418,0.0,0.7416,0.0,0.8702,0.0933,0.4174,0.52
crohot,1ee90943aa,5,forest,13,575.5,48.3707,0.0,0.0,0.0,1.0,0.0,0.0,0.5,0.0,0.0,0.0,0.8702,0.0933,0.4174,0.52
crohot,1ee90943aa,5,forest,14,645.3,48.3707,0.2268,0.1902,0.0,1.0,0.0,0.1902,0.5951,0.0,0.0,0.0,0.8702,0.0933,0.4174,0.52
crohot,1ee90943aa,5,forest,15,427.5,48.3707,0.2328,0.2161,0.7217,1.0,0.1977,0.1225,0.1692,0.0,0.8495,0.0,0.8702,0.0933,0.4174,0.52
crohot,1ee90943aa,5,forest,16,409.2,48.3707,1.0,0.2418,0.632,1.0,0.795,0.1501,0.2285,0.0,0.795,0.0,0.8702,0.0933,0.4174,0.52
crohot,1ee90943aa,5,forest,17,585.6,48.3707,0.5728,0.1583,0.2897,1.0,0.3083,0.1307,0.4113,0.0,0.5383,0.0,0.8702,0.0933,0.4174,0.52
crohot,1ee90943aa,5,forest,18,643.3,48.3707,0.9885,0.143,0.059,1.0,0.2401,0.1379,0.5378,0.0,0.2429,0.0,0.8702,0.0933,0.4174,0.52
crohot,62814dccae,5,forest,0,849.9,32.8237,0.6056,0.0809,0.0039,1.0,0.038,0.0807,0.5383,0.0,0.0627,0.0,0.8702,0.1165,0.4936,0.6222
crohot,62814dccae,5,forest,1,478.3,32.8237,0.004,0.0447,0.0545,1.0,0.0009,0.0433,0.4939,0.0,0.2335,0.0,0.8702,0.1165,0.4936,0.6222
crohot,62814dccae,5,forest,2,477.3,32.8237,0.0,0.003,0.5868,1.0,0.0,0.0019,0.2072,0.0,0.766,0.0,0.8702,0.1165,0.4936,0.6222
crohot,62814dccae,5,forest,3,409.1,32.8237,0.0,0.0,0.0,1.0,0.0,0.0,0.5,0.0,0.0,0.0,0.8702,0.1165,0.4936,0.6222
crohot,62814dccae,5,forest,4,184.3,32.8237,0.0,0.0,0.1607,0.7615,0.0,0.0,0.4197,0.0832,0.3052,0.1001,0.8702,0.1165,0.4936,0.6222
crohot,62814dccae,5,forest,5,246.0,32.8237,0.0,0.0,0.0,0.0,0.0,0.0,0.5,0.0,0.0,0.5,0.8702,0.1165,0.4936,0.6222
crohot,62814dccae,5,forest,6,824.4,32.8237,1.0,0.1397,0.0,1.0,0.0,0.1397,0.5698,0.0,0.0,0.0,0.8702,0.1165,0.4936,0.6222
crohot,62814dccae,5,forest,7,334.1,32.8237,0.9912,0.1668,0.7856,1.0,0.8786,0.0882,0.1251,0.0,0.8864,0.0,0.8702,0.1165,0.4936,0.6222
crohot,62814dccae,5,forest,8,660.7,32.8237,0.6642,0.1716,0.0272,1.0,0.1096,0.1688,0.5698,0.0,0.1651,0.0,0.8702,0.1165,0.4936,0.6222
crohot,62814dccae,5,forest,9,288.3,32.8237,0.5968,0.0405,0.8744,1.0,0.558,0.0192,0.0654,0.0,0.9351,0.0,0.8702,0.1165,0.4936,0.6222
crohot,62814dccae,5,forest,10,537.3,32.8237,0.3048,0.1055,0.1222,1.0,0.1065,0.0978,0.4852,0.0,0.3495,0.0,0.8702,0.1165,0.4936,0.6222
crohot,62814dccae,5,forest,11,739.7,32.8237,0.4981,0.2249,0.3343,1.0,0.288,0.1798,0.4077,0.0,0.5782,0.0,0.8702,0.1165,0.4936,0.6222
crohot,62814dccae,5,forest,12,391.5,32.8237,0.9035,0.1437,0.8621,1.0,0.8389,0.0694,0.0788,0.0,0.9285,0.0,0.8702,0.1165,0.4936,0.6222
crohot,62814dccae,5,forest,13,651.5,32.8237,0.5171,0.199,0.5234,1.0,0.3741,0.1365,0.2857,0.0,0.7235,0.0,0.8702,0.1165,0.4936,0.6222
crohot,62814dccae,5,forest,14,504.9,32.8237,0.0,0.0,0.0,0.9068,0.0,0.0,0.5,0.0,0.0,0.0466,0.8702,0.1165,0.4936,0.6222
crohot,62814dccae,5,forest,15,269.0,32.8237,0.2056,0.1787,0.0,1.0,0.0,0.1787,0.5893,0.0,0.0,0.0,0.8702,0.1165,0.4936,0.6222
crohot,62814dccae,5,forest,16,454.8,32.8237,0.6557,0.0,0.7549,1.0,0.5698,0.0,0.1225,0.0,0.8689,0.0,0.8702,0.1165,0.4936,0.6222
crohot,62814dccae,5,forest,17,436.1,32.8237,0.6917,0.0,0.0,1.0,0.0,0.0,0.5,0.0,0.0,0.0,0.8702,0.1165,0.4936,0.6222
crohot,62814dccae,5,forest,18,1311.3,32.8237,1.0,0.1635,0.9704,1.0,0.9851,0.0683,0.0172,0.0,0.9851,0.0,0.8702,0.1165,0.4936,0.6222
crohot,d433bbdd95,5,forest,0,1226.4,-63.4223,1.0,0.1188,0.9302,1.0,0.9645,0.0525,0.039,0.0,0.9645,0.0,0.8702,0.1376,0.4969,0.5676
crohot,d433bbdd95,5,forest,1,548.3,-63.4223,1.0,0.1775,1.0,1.0,1.0,0.071,0.0,0.0,1.0,0.0,0.8702,0.1376,0.4969,0.5676
crohot,d433bbdd95,5,forest,2,266.1,-63.4223,0.3771,0.0542,0.9953,1.0,0.3762,0.0218,0.0025,0.0,0.9977,0.0,0.8702,0.1376,0.4969,0.5676
crohot,d433bbdd95,5,forest,3,163.4,-63.4223,0.0,0.0,0.6663,0.4127,0.0,0.0,0.1669,0.0,0.3369,0.098,0.8702,0.1376,0.4969,0.5676
crohot,d433bbdd95,5,forest,4,611.8,-63.4223,0.4509,0.3282,0.0,1.0,0.0,0.3282,0.6641,0.0,0.0,0.0,0.8702,0.1376,0.4969,0.5676
crohot,d433bbdd95,5,forest,5,1187.3,-63.4223,0.2867,0.0,0.3226,1.0,0.1629,0.0,0.3387,0.0,0.568,0.0,0.8702,0.1376,0.4969,0.5676
crohot,d433bbdd95,5,forest,6,362.1,-63.4223,0.0,0.0,0.0,1.0,0.0,0.0,0.5,0.0,0.0,0.0,0.8702,0.1376,0.4969,0.5676
crohot,d433bbdd95,5,forest,7,433.5,-63.4223,0.0,0.0,0.9999,1.0,0.0,0.0,0.0,0.0,1.0,0.0,0.8702,0.1376,0.4969,0.5676
crohot,d433bbdd95,5,forest,8,593.0,-63.4223,0.0,0.0,0.0,1.0,0.0,0.0,0.5,0.0,0.0,0.0,0.8702,0.1376,0.4969,0.5676
crohot,d433bbdd95,5,forest,9,434.9,-63.4223,0.0,0.1563,0.0,1.0,0.0,0.1563,0.5781,0.0,0.0,0.0,0.8702,0.1376,0.4969,0.5676
crohot,d433bbdd95,5,forest,10,382.5,-63.4223,0.0672,0.1178,0.6608,1.0,0.0547,0.0711,0.1896,0.0,0.8129,0.0,0.8702,0.1376,0.4969,0.5676
crohot,d433bbdd95,5,forest,11,303.6,-63.4223,0.0,0.0,0.0,1.0,0.0,0.0,0.5,0.0,0.0,0.0,0.8702,0.1376,0.4969,0.5676
crohot,d433bbdd95,5,forest,12,446.9,-63.4223,0.0,0.0567,0.0,1.0,0.0,0.0567,0.5284,0.0,0.0,0.0,0.8702,0.1376,0.4969,0.5676
crohot,d433bbdd95,5,forest,13,660.9,-63.4223,0.3875,0.0687,0.2274,1.0,0.1848,0.0594,0.4129,0.0,0.4768,0.0,0.8702,0.1376,0.4969,0.5676
crohot,d433bbdd95,5,forest,14,320.3,-63.4223,0.221,0.2874,0.9613,1.0,0.2167,0.1216,0.0249,0.0,0.9805,0.0,0.8702,0.1376,0.4969,0.5676
crohot,d433bbdd95,5,forest,15,655.9,-63.4223,0.1554,0.2218,0.0,1.0,0.0,0.2218,0.6109,0.0,0.0,0.0,0.8702,0.1376,0.4969,0.5676
crohot,d433bbdd95,5,forest,16,420.6,-63.4223,1.0,0.1399,0.9519,1.0,0.9757,0.06,0.0274,0.0,0.9757,0.0,0.8702,0.1376,0.4969,0.5676
crohot,d433bbdd95,5,forest,17,570.8,-63.4223,0.3071,0.1316,0.0038,1.0,0.019,0.1313,0.5636,0.0,0.0618,0.0,0.8702,0.1376,0.4969,0.5676
crohot,d433bbdd95,5,forest,18,650.1,-63.4223,0.4993,0.1207,0.8513,1.0,0.4607,0.059,0.0833,0.0,0.9227,0.0,0.8702,0.1376,0.4969,0.5676
crohot,22f596ccc4,5,forest,0,365.2,22.4624,1.0,0.1139,0.9892,1.0,0.9946,0.0463,0.006,0.0,0.9946,0.0,0.8702,0.0087,0.4918,0.5811
crohot,22f596ccc4,5,forest,1,397.0,22.4624,0.3368,0.0482,0.0946,1.0,0.1036,0.0455,0.4745,0.0,0.3075,0.0,0.8702,0.0087,0.4918,0.5811
crohot,22f596ccc4,5,forest,2,490.4,22.4624,0.157,0.1572,0.0133,1.0,0.0181,0.156,0.5709,0.0,0.1154,0.0,0.8702,0.0087,0.4918,0.5811
crohot,22f596ccc4,5,forest,3,662.1,22.4624,0.0175,0.1812,1.0,1.0,0.0175,0.0725,0.0,0.0,1.0,0.0,0.8702,0.0087,0.4918,0.5811
crohot,22f596ccc4,5,forest,4,104.6,22.4624,0.0,0.0,0.9636,1.0,0.0,0.0,0.0182,0.0,0.9816,0.0,0.8702,0.0087,0.4918,0.5811
crohot,22f596ccc4,5,forest,5,113.1,22.4624,0.0,0.1491,0.0402,1.0,0.0,0.1455,0.5514,0.0,0.2005,0.0,0.8702,0.0087,0.4918,0.5811
crohot,22f596ccc4,5,forest,6,714.1,22.4624,0.3954,0.1808,0.0749,1.0,0.1082,0.1726,0.5462,0.0,0.2737,0.0,0.8702,0.0087,0.4918,0.5811
crohot,22f596ccc4,5,forest,7,694.5,22.4624,1.0,0.1991,0.0588,1.0,0.2424,0.1921,0.5643,0.0,0.2424,0.0,0.8702,0.0087,0.4918,0.5811
crohot,22f596ccc4,5,forest,8,400.7,22.4624,0.5433,0.143,0.0,1.0,0.0,0.143,0.5715,0.0,0.0,0.0,0.8702,0.0087,0.4918,0.5811
crohot,22f596ccc4,5,forest,9,311.0,22.4624,1.0,0.0,0.1315,1.0,0.3626,0.0,0.4343,0.0,0.3626,0.0,0.8702,0.0087,0.4918,0.5811
crohot,22f596ccc4,5,forest,10,1034.9,22.4624,1.0,0.0851,0.0,1.0,0.0,0.0851,0.5426,0.0,0.0,0.0,0.8702,0.0087,0.4918,0.5811
crohot,22f596ccc4,5,forest,11,373.6,22.4624,0.7311,0.2628,0.9114,1.0,0.698,0.1191,0.0559,0.0,0.9547,0.0,0.8702,0.0087,0.4918,0.5811
crohot,22f596ccc4,5,forest,12,691.0,22.4624,0.7533,0.1355,0.5355,1.0,0.5512,0.0919,0.2637,0.0,0.7318,0.0,0.8702,0.0087,0.4918,0.5811
crohot,22f596ccc4,5,forest,13,385.3,22.4624,1.0,0.1232,0.0,1.0,0.0,0.1232,0.5616,0.0,0.0,0.0,0.8702,0.0087,0.4918,0.5811
crohot,22f596ccc4,5,forest,14,209.8,22.4624,0.0,0.0,0.0,0.2216,0.0,0.0,0.5,0.0,0.0,0.3892,0.8702,0.0087,0.4918,0.5811
crohot,22f596ccc4,5,forest,15,494.7,22.4624,0.0416,0.0,0.0,1.0,0.0,0.0,0.5,0.0,0.0,0.0,0.8702,0.0087,0.4918,0.5811
crohot,22f596ccc4,5,forest,16,601.8,22.4624,0.6435,0.1479,0.0,1.0,0.0,0.1479,0.5739,0.0,0.0,0.0,0.8702,0.0087,0.4918,0.5811
crohot,22f596ccc4,5,forest,17,646.9,22.4624,0.0666,0.1182,0.6934,1.0,0.0555,0.069,0.1714,0.0,0.8327,0.0,0.8702,0.0087,0.4918,0.5811
crohot,22f596ccc4,5,forest,18,231.1,22.4624,0.5728,0.1397,0.0,1.0,0.0,0.1397,0.5698,0.0,0.0,0.0,0.8702,0.0087,0.4918,0.5811
crohot,f2a001e677,5,forest,0,283.5,35.3689,0.4688,0.119,0.7503,1.0,0.4061,0.0654,0.1397,0.0,0.8662,0.0,0.8702,0.0942,0.3375,0.6089
crohot,f2a001e677,5,forest,1,437.5,35.3689,0.1597,0.1982,0.6353,1.0,0.1273,0.1226,0.2185,0.0,0.797,0.0,0.8702,0.0942,0.3375,0.6089
crohot,f2a001e677,5,forest,2,402.0,35.3689,0.0824,0.4223,0.9865,1.0,0.0819,0.1723,0.0096,0.0,0.9932,0.0,0.8702,0.0942,0.3375,0.6089
crohot,f2a001e677,5,forest,3,857.6,35.3689,0.5641,0.2248,0.6459,1.0,0.4534,0.1377,0.2169,0.0,0.8037,0.0,0.8702,0.0942,0.3375,0.6089
crohot,f2a001e677,5,forest,4,492.8,35.3689,0.5477,0.2659,0.0,1.0,0.0,0.2659,0.6329,0.0,0.0,0.0,0.8702,0.0942,0.3375,0.6089
crohot,f2a001e677,5,forest,5,602.1,35.3689,1.0,0.1916,0.4596,1.0,0.678,0.1388,0.322,0.0,0.678,0.0,0.8702,0.0942,0.3375,0.6089
crohot,f2a001e677,5,forest,6,303.2,35.3689,0.4435,0.0,0.0,0.8266,0.0,0.0,0.5,0.0,0.0,0.0867,0.8702,0.0942,0.3375,0.6089
crohot,f2a001e677,5,forest,7,559.3,35.3689,0.8053,0.2128,0.0,1.0,0.0,0.2128,0.6064,0.0,0.0,0.0,0.8702,0.0942,0.3375,0.6089
crohot,f2a001e677,5,forest,8,671.2,35.3689,0.8656,0.0469,0.908,1.0,0.8248,0.0214,0.0482,0.0,0.9529,0.0,0.8702,0.0942,0.3375,0.6089
crohot,f2a001e677,5,forest,9,577.8,35.3689,0.9684,0.197,0.2593,1.0,0.4931,0.1663,0.4433,0.0,0.5092,0.0,0.8702,0.0942,0.3375,0.6089
crohot,f2a001e677,5,forest,10,517.6,35.3689,0.9736,0.266,0.9719,1.0,0.9598,0.1109,0.0178,0.0,0.9858,0.0,0.8702,0.0942,0.3375,0.6089
crohot,f2a001e677,5,forest,11,399.3,35.3689,0.0763,0.2851,0.0,1.0,0.0,0.2851,0.6425,0.0,0.0,0.0,0.8702,0.0942,0.3375,0.6089
crohot,f2a001e677,5,forest,12,478.9,35.3689,1.0,0.107,0.6285,1.0,0.7928,0.0667,0.2056,0.0,0.7928,0.0,0.8702,0.0942,0.3375,0.6089
crohot,f2a001e677,5,forest,13,532.0,35.3689,1.0,0.2596,0.8153,1.0,0.9029,0.1326,0.1163,0.0,0.9029,0.0,0.8702,0.0942,0.3375,0.6089
crohot,f2a001e677,5,forest,14,799.4,35.3689,1.0,0.289,0.9399,1.0,0.9695,0.126,0.0387,0.0,0.9695,0.0,0.8702,0.0942,0.3375,0.6089
crohot,f2a001e677,5,forest,15,354.5,35.3689,0.9351,0.1263,0.8817,1.0,0.878,0.0595,0.0666,0.0,0.939,0.0,0.8702,0.0942,0.3375,0.6089
crohot,f2a001e677,5,forest,16,752.3,35.3689,0.8169,0.088,0.3469,1.0,0.4811,0.0697,0.3553,0.0,0.589,0.0,0.8702,0.0942,0.3375,0.6089
crohot,f2a001e677,5,forest,17,178.8,35.3689,0.2201,0.0621,0.7525,1.0,0.1909,0.0341,0.1314,0.0,0.8675,0.0,0.8702,0.0942,0.3375,0.6089
crohot,f2a001e677,5,forest,18,648.0,35.3689,0.8965,0.0643,0.971,1.0,0.8834,0.0269,0.0154,0.0,0.9854,0.0,0.8702,0.0942,0.3375,0.6089
crohot,dab1a19cad,5,forest,0,298.9,10.3464,0.8216,0.0048,0.8707,1.0,0.7667,0.0023,0.065,0.0,0.9331,0.0,0.8702,0.1493,0.5883,0.52
crohot,dab1a19cad,5,forest,1,205.9,10.3464,0.2764,0.2266,0.3821,1.0,0.1709,0.1747,0.3789,0.0,0.6182,0.0,0.8702,0.1493,0.5883,0.52
crohot,dab1a19cad,5,forest,2,661.7,10.3464,1.0,0.089,0.5727,1.0,0.7568,0.0584,0.2327,0.0,0.7568,0.0,0.8702,0.1493,0.5883,0.52
crohot,dab1a19cad,5,forest,3,440.0,10.3464,0.9135,0.1051,0.9761,1.0,0.9025,0.0435,0.0132,0.0,0.988,0.0,0.8702,0.1493,0.5883,0.52
crohot,dab1a19cad,5,forest,4,588.9,10.3464,0.4038,0.1252,0.5887,1.0,0.3098,0.081,0.2314,0.0,0.7673,0.0,0.8702,0.1493,0.5883,0.52
crohot,dab1a19cad,5,forest,5,356.8,10.3464,0.0,0.0274,0.9023,1.0,0.0,0.0126,0.0502,0.0,0.9499,0.0,0.8702,0.1493,0.5883,0.52
crohot,dab1a19cad,5,forest,6,612.0,10.3464,0.3464,0.2326,0.0,1.0,0.0,0.2326,0.6163,0.0,0.0,0.0,0.8702,0.1493,0.5883,0.52
crohot,dab1a19cad,5,forest,7,578.0,10.3464,0.9412,0.1389,0.2798,1.0,0.4978,0.1156,0.4101,0.0,0.5289,0.0,0.8702,0.1493,0.5883,0.52
crohot,dab1a19cad,5,forest,8,1740.9,10.3464,0.4927,0.0855,0.9778,1.0,0.4872,0.0353,0.012,0.0,0.9888,0.0,0.8702,0.1493,0.5883,0.52
crohot,dab1a19cad,5,forest,9,577.8,10.3464,0.0,0.0,0.0,0.0,0.0,0.0,0.5,0.0,0.0,0.5,0.8702,0.1493,0.5883,0.52
crohot,dab1a19cad,5,forest,10,356.5,10.3464,0.0,0.0,0.0,0.0,0.0,0.0,0.5,0.0,0.0,0.5,0.8702,0.1493,0.5883,0.52
crohot,dab1a19cad,5,forest,11,326.3,10.3464,0.0,0.0,0.0,0.0,0.0,0.0,0.5,0.0,0.0,0.5,0.8702,0.1493,0.5883,0.52
crohot,dab1a19cad,5,forest,12,675.3,10.3464,0.0309,0.0,0.0,1.0,0.0,0.0,0.5,0.0,0.0,0.0,0.8702,0.1493,0.5883,0.52
crohot,dab1a19cad,5,forest,13,325.9,10.3464,0.1817,0.3125,0.0,1.0,0.0,0.3125,0.6562,0.0,0.0,0.0,0.8702,0.1493,0.5883,0.52
crohot,dab1a19cad,5,forest,14,698.8,10.3464,0.6671,0.2242,0.1493,1.0,0.2578,0.2041,0.5207,0.0,0.3864,0.0,0.8702,0.1493,0.5883,0.52
crohot,dab1a19cad,5,forest,15,346.6,10.3464,0.1078,0.0,0.0,0.9159,0.0,0.0,0.5,0.0,0.0,0.0421,0.8702,0.1493,0.5883,0.52
crohot,dab1a19cad,5,forest,16,541.7,10.3464,0.399,0.1103,0.0574,1.0,0.0956,0.1065,0.5233,0.0,0.2397,0.0,0.8702,0.1493,0.5883,0.52
crohot,dab1a19cad,5,forest,17,679.1,10.3464,0.0,0.0,0.0,1.0,0.0,0.0,0.5,0.0,0.0,0.0,0.8702,0.1493,0.5883,0.52
crohot,dab1a19cad,5,forest,18,332.8,10.3464,0.4022,0.0828,0.0,1.0,0.0,0.0828,0.5414,0.0,0.0,0.0,0.8702,0.1493,0.5883,0.52
crohot,5eb72c1e9f,5,forest,0,553.0,29.5731,0.4572,0.1911,0.2253,1.0,0.217,0.1652,0.4614,0.0,0.4747,0.0,0.8702,0.1269,0.2753,0.6755
crohot,5eb72c1e9f,5,forest,1,613.1,29.5731,0.526,0.1026,0.1171,1.0,0.18,0.0954,0.4867,0.0,0.3422,0.0,0.8702,0.1269,0.2753,0.6755
crohot,5eb72c1e9f,5,forest,2,366.2,29.5731,0.7054,0.1456,0.7074,1.0,0.5933,0.0838,0.1676,0.0,0.8411,0.0,0.8702,0.1269,0.2753,0.6755
crohot,5eb72c1e9f,5,forest,3,480.5,29.5731,0.845,0.1389,0.6719,1.0,0.6926,0.0829,0.1868,0.0,0.8197,0.0,0.8702,0.1269,0.2753,0.6755
crohot,5eb72c1e9f,5,forest,4,577.9,29.5731,0.4328,0.2032,0.4993,1.0,0.3058,0.1423,0.3012,0.0,0.7066,0.0,0.8702,0.1269,0.2753,0.6755
crohot,5eb72c1e9f,5,forest,5,534.7,29.5731,0.1687,0.1842,0.3527,1.0,0.1002,0.1452,0.3833,0.0,0.5939,0.0,0.8702,0.1269,0.2753,0.6755
crohot,5eb72c1e9f,5,forest,6,630.8,29.5731,0.1995,0.1665,0.0471,1.0,0.0433,0.1618,0.5558,0.0,0.2171,0.0,0.8702,0.1269,0.2753,0.6755
crohot,5eb72c1e9f,5,forest,7,490.7,29.5731,0.3218,0.0721,0.9805,1.0,0.3187,0.0297,0.0105,0.0,0.9902,0.0,0.8702,0.1269,0.2753,0.6755
crohot,5eb72c1e9f,5,forest,8,645.0,29.5731,0.7379,0.1161,0.0914,1.0,0.223,0.1097,0.5071,0.0,0.3023,0.0,0.8702,0.1269,0.2753,0.6755
crohot,5eb72c1e9f,5,forest,9,236.7,29.5731,0.0,0.0598,0.8901,1.0,0.0,0.0279,0.0582,0.0,0.9435,0.0,0.8702,0.1269,0.2753,0.6755
crohot,5eb72c1e9f,5,forest,10,280.0,29.5731,0.0,0.0,0.0,0.3918,0.0,0.0,0.5,0.0,0.0,0.3041,0.8702,0.1269,0.2753,0.6755
crohot,5eb72c1e9f,5,forest,11,720.5,29.5731,1.0,0.1954,0.0,1.0,0.0,0.1954,0.5977,0.0,0.0,0.0,0.8702,0.1269,0.2753,0.6755
crohot,5eb72c1e9f,5,forest,12,841.3,29.5731,1.0,0.2771,0.9924,1.0,0.9962,0.1121,0.0048,0.0,0.9962,0.0,0.8702,0.1269,0.2753,0.6755
crohot,5eb72c1e9f,5,forest,13,398.6,29.5731,0.3791,0.1444,0.184,1.0,0.1626,0.1284,0.4669,0.0,0.4289,0.0,0.8702,0.1269,0.2753,0.6755
crohot,5eb72c1e9f,5,forest,14,546.6,29.5731,0.0,0.1188,0.7707,1.0,0.0,0.0639,0.1282,0.0,0.8779,0.0,0.8702,0.1269,0.2753,0.6755
crohot,5eb72c1e9f,5,forest,15,445.6,29.5731,0.0,0.0,0.6845,0.2509,0.0,0.0,0.1577,0.4181,0.2076,0.1182,0.8702,0.1269,0.2753,0.6755
crohot,5eb72c1e9f,5,forest,16,511.1,29.5731,0.0,0.0,0.0,0.0,0.0,0.0,0.5,0.0,0.0,0.5,0.8702,0.1269,0.2753,0.6755
crohot,5eb72c1e9f,5,forest,17,729.2,29.5731,0.2564,0.0259,0.0,1.0,0.0,0.0259,0.5129,0.0,0.0,0.0,0.8702,0.1269,0.2753,0.6755
crohot,5eb72c1e9f,5,forest,18,540.8,29.5731,1.0,0.0897,0.9903,1.0,0.9951,0.0364,0.0053,0.0,0.9951,0.0,0.8702,0.1269,0.2753,0.6755
crohot,eaa69aac28,5,forest,0,133.4,-19.7387,0.0,0.1738,0.8787,1.0,0.0,0.0822,0.0712,0.0,0.9374,0.0,0.8702,0.1221,0.4245,0.5637
crohot,eaa69aac28,5,forest,1,706.2,-19.7387,0.8541,0.175,0.5751,1.0,0.6477,0.1146,0.2496,0.0,0.7583,0.0,0.8702,0.1221,0.4245,0.5637
crohot,eaa69aac28,5,forest,2,626.9,-19.7387,0.2549,0.2031,0.0766,1.0,0.0705,0.1938,0.5555,0.0,0.2767,0.0,0.8702,0.1221,0.4245,0.5637
crohot,eaa69aac28,5,forest,3,451.0,-19.7387,1.0,0.0975,0.0833,1.0,0.2886,0.0926,0.503,0.0,0.2886,0.0,0.8702,0.1221,0.4245,0.5637
crohot,eaa69aac28,5,forest,4,434.8,-19.7387,0.9632,0.1165,0.7215,1.0,0.8182,0.0661,0.1555,0.0,0.8494,0.0,0.8702,0.1221,0.4245,0.5637
crohot,eaa69aac28,5,forest,5,374.6,-19.7387,0.0,0.0,0.0,0.0,0.0,0.0,0.5,0.0,0.0,0.5,0.8702,0.1221,0.4245,0.5637
crohot,eaa69aac28,5,forest,6,583.0,-19.7387,0.0,0.0,0.0,1.0,0.0,0.0,0.5,0.0,0.0,0.0,0.8702,0.1221,0.4245,0.5637
crohot,eaa69aac28,5,forest,7,491.3,-19.7387,0.0,0.0,0.0,1.0,0.0,0.0,0.5,0.0,0.0,0.0,0.8702,0.1221,0.4245,0.5637
crohot,eaa69aac28,5,forest,8,906.6,-19.7387,0.0,0.0,0.0,0.6901,0.0,0.0,0.5,0.0,0.0,0.1549,0.8702,0.1221,0.4245,0.5637
crohot,eaa69aac28,5,forest,9,533.7,-19.7387,0.0,0.0,0.0,0.0,0.0,0.0,0.5,0.0,0.0,0.5,0.8702,0.1221,0.4245,0.5637
crohot,eaa69aac28,5,forest,10,324.0,-19.7387,0.0,0.0,0.0,0.0,0.0,0.0,0.5,0.0,0.0,0.5,0.8702,0.1221,0.4245,0.5637
crohot,eaa69aac28,5,forest,11,878.9,-19.7387,0.058,0.0,0.0,1.0,0.0,0.0,0.5,0.0,0.0,0.0,0.8702,0.1221,0.4245,0.5637
crohot,eaa69aac28,5,forest,12,707.1,-19.7387,0.0,0.0,0.3811,1.0,0.0,0.0,0.3094,0.0,0.6174,0.0,0.8702,0.1221,0.4245,0.5637
crohot,eaa69aac28,5,forest,13,353.2,-19.7387,0.2592,0.0817,0.0,1.0,0.0,0.0817,0.5409,0.0,0.0,0.0,0.8702,0.1221,0.4245,0.5637
crohot,eaa69aac28,5,forest,14,913.5,-19.7387,0.3958,0.166,0.9386,1.0,0.3835,0.0725,0.0358,0.0,0.9688,0.0,0.8702,0.1221,0.4245,0.5637
crohot,eaa69aac28,5,forest,15,98.5,-19.7387,0.0,0.0286,0.7837,1.0,0.0,0.0151,0.1112,0.0,0.8853,0.0,0.8702,0.1221,0.4245,0.5637
crohot,eaa69aac28,5,forest,16,509.9,-19.7387,0.0049,0.0,0.9469,1.0,0.0048,0.0,0.0265,0.0,0.9731,0.0,0.8702,0.1221,0.4245,0.5637
crohot,eaa69aac28,5,forest,17,427.4,-19.7387,0.1395,0.2609,0.0,1.0,0.0,0.2609,0.6305,0.0,0.0,0.0,0.8702,0.1221,0.4245,0.5637
crohot,eaa69aac28,5,forest,18,645.0,-19.7387,0.257,0.1269,0.7855,1.0,0.2278,0.0671,0.1209,0.0,0.8863,0.0,0.8702,0.1221,0.4245,0.5637
crohot,64be4f29ca,5,forest,0,608.7,49.6918,0.2603,0.143,0.1532,1.0,0.1019,0.1299,0.4839,0.0,0.3915,0.0,0.8702,0.092,0.4822,0.5059
crohot,64be4f29ca,5,forest,1,607.4,49.6918,0.0842,0.1632,0.2582,1.0,0.0428,0.138,0.4314,0.0,0.5081,0.0,0.8702,0.092,0.4822,0.5059
crohot,64be4f29ca,5,forest,2,838.3,49.6918,0.1228,0.0141,0.0,1.0,0.0,0.0141,0.5071,0.0,0.0,0.0,0.8702,0.092,0.4822,0.5059
crohot,64be4f29ca,5,forest,3,243.1,49.6918,0.0515,0.2385,0.0,1.0,0.0,0.2385,0.6193,0.0,0.0,0.0,0.8702,0.092,0.4822,0.5059
crohot,64be4f29ca,5,forest,4,145.9,49.6918,0.0054,0.1459,0.2522,1.0,0.0027,0.1238,0.4285,0.0,0.5022,0.0,0.8702,0.092,0.4822,0.5059
crohot,64be4f29ca,5,forest,5,566.5,49.6918,0.2242,0.0223,0.5344,1.0,0.1639,0.0152,0.238,0.0,0.731,0.0,0.8702,0.092,0.4822,0.5059
crohot,64be4f29ca,5,forest,6,415.1,49.6918,0.0,0.0,0.9474,1.0,0.0,0.0,0.0263,0.0,0.9733,0.0,0.8702,0.092,0.4822,0.5059
crohot,64be4f29ca,5,forest,7,725.9,49.6918,0.0,0.0,0.1688,1.0,0.0,0.0,0.4156,0.0,0.4108,0.0,0.8702,0.092,0.4822,0.5059
crohot,64be4f29ca,5,forest,8,921.2,49.6918,0.8739,0.1518,0.0,1.0,0.0,0.1518,0.5759,0.0,0.0,0.0,0.8702,0.092,0.4822,0.5059
crohot,64be4f29ca,5,forest,9,475.6,49.6918,0.6415,0.1148,0.7028,1.0,0.5378,0.0664,0.1656,0.0,0.8384,0.0,0.8702,0.092,0.4822,0.5059
crohot,64be4f29ca,5,forest,10,545.7,49.6918,1.0,0.1443,0.0223,1.0,0.1492,0.1424,0.5594,0.0,0.1492,0.0,0.8702,0.092,0.4822,0.5059
crohot,64be4f29ca,5,forest,11,189.5,49.6918,0.0638,0.2924,0.997,1.0,0.0637,0.1175,0.0019,0.0,0.9985,0.0,0.8702,0.092,0.4822,0.5059
crohot,64be4f29ca,5,forest,12,179.6,49.6918,0.1308,0.2039,0.8909,1.0,0.1234,0.0949,0.0657,0.0,0.9439,0.0,0.8702,0.092,0.4822,0.5059
crohot,64be4f29ca,5,forest,13,453.3,49.6918,0.0992,0.1327,0.0053,1.0,0.0072,0.1323,0.5634,0.0,0.0726,0.0,0.8702,0.092,0.4822,0.5059
crohot,64be4f29ca,5,forest,14,525.0,49.6918,0.2886,0.0626,0.918,1.0,0.2766,0.0281,0.0436,0.0,0.9581,0.0,0.8702,0.092,0.4822,0.5059
crohot,64be4f29ca,5,forest,15,328.8,49.6918,1.0,0.2873,0.9983,1.0,0.9991,0.1152,0.0011,0.0,0.9991,0.0,0.8702,0.092,0.4822,0.5059
crohot,64be4f29ca,5,forest,16,967.4,49.6918,0.2439,0.0182,0.3087,1.0,0.1355,0.0148,0.352,0.0,0.5556,0.0,0.8702,0.092,0.4822,0.5059
crohot,64be4f29ca,5,forest,17,261.0,49.6918,0.0,0.1579,0.0,1.0,0.0,0.1579,0.5789,0.0,0.0,0.0,0.8702,0.092,0.4822,0.5059
crohot,64be4f29ca,5,forest,18,829.9,49.6918,0.1337,0.1238,0.1178,1.0,0.0459,0.115,0.4957,0.0,0.3432,0.0,0.8702,0.092,0.4822,0.5059
crohot,ec3e16c97c,5,forest,0,819.1,8.5107,1.0,0.2048,0.766,1.0,0.8752,0.1107,0.1409,0.0,0.8752,0.0,0.8702,0.1243,0.496,0.7036
crohot,ec3e16c97c,5,forest,1,137.7,8.5107,0.4138,0.0413,0.1308,0.5639,0.1496,0.0381,0.4526,0.0,0.2039,0.1929,0.8702,0.1243,0.496,0.7036
crohot,ec3e16c97c,5,forest,2,263.7,8.5107,0.1821,0.2001,0.0002,1.0,0.0027,0.2,0.5999,0.0,0.0151,0.0,0.8702,0.1243,0.496,0.7036
crohot,ec3e16c97c,5,forest,3,650.9,8.5107,0.8771,0.2586,0.9206,1.0,0.8415,0.1158,0.05,0.0,0.9595,0.0,0.8702,0.1243,0.496,0.7036
crohot,ec3e16c97c,5,forest,4,405.9,8.5107,0.772,0.1033,0.4231,1.0,0.5021,0.0771,0.3183,0.0,0.6505,0.0,0.8702,0.1243,0.496,0.7036
crohot,ec3e16c97c,5,forest,5,1134.3,8.5107,0.5237,0.0837,0.0052,1.0,0.0376,0.0835,0.5391,0.0,0.0718,0.0,0.8702,0.1243,0.496,0.7036
crohot,ec3e16c97c,5,forest,6,175.7,8.5107,0.0,0.0,0.0,0.0,0.0,0.0,0.5,0.0,0.0,0.5,0.8702,0.1243,0.496,0.7036
crohot,ec3e16c97c,5,forest,7,426.3,8.5107,0.0,0.0,0.0,1.0,0.0,0.0,0.5,0.0,0.0,0.0,0.8702,0.1243,0.496,0.7036
crohot,ec3e16c97c,5,forest,8,442.8,8.5107,0.3192,0.1559,0.0,1.0,0.0,0.1559,0.578,0.0,0.0,0.0,0.8702,0.1243,0.496,0.7036
crohot,ec3e16c97c,5,forest,9,479.2,8.5107,0.16,0.0405,0.0916,1.0,0.0484,0.0383,0.4726,0.0,0.3027,0.0,0.8702,0.1243,0.496,0.7036
crohot,ec3e16c97c,5,forest,10,568.3,8.5107,0.0,0.0,0.0,1.0,0.0,0.0,0.5,0.0,0.0,0.0,0.8702,0.1243,0.496,0.7036
crohot,ec3e16c97c,5,forest,11,546.4,8.5107,0.0,0.0,0.0,0.5988,0.0,0.0,0.5,0.0,0.0,0.2006,0.8702,0.1243,0.496,0.7036
crohot,ec3e16c97c,5,forest,12,1077.6,8.5107,0.0,0.0,0.0,1.0,0.0,0.0,0.5,0.0,0.0,0.0,0.8702,0.1243,0.496,0.7036
crohot,ec3e16c97c,5,forest,13,317.1,8.5107,0.0,0.0,0.0,0.0,0.0,0.0,0.5,0.0,0.0,0.5,0.8702,0.1243,0.496,0.7036
crohot,ec3e16c97c,5,forest,14,523.9,8.5107,0.5839,0.0,0.0,1.0,0.0,0.0,0.5,0.0,0.0,0.0,0.8702,0.1243,0.496,0.7036
crohot,ec3e16c97c,5,forest,15,586.6,8.5107,0.6922,0.1537,0.0,1.0,0.0,0.1537,0.5769,0.0,0.0,0.0,0.8702,0.1243,0.496,0.7036
crohot,ec3e16c97c,5,forest,16,455.7,8.5107,1.0,0.0602,0.3283,1.0,0.573,0.0484,0.3561,0.0,0.573,0.0,0.8702,0.1243,0.496,0.7036
crohot,ec3e16c97c,5,forest,17,797.5,8.5107,1.0,0.0463,0.7336,1.0,0.8565,0.0259,0.1394,0.0,0.8565,0.0,0.8702,0.1243,0.496,0.7036
crohot,ec3e16c97c,5,forest,18,309.6,8.5107,1.0,0.0175,0.4515,1.0,0.6719,0.0128,0.2791,0.0,0.6719,0.0,0.8702,0.1243,0.496,0.7036
crohot,7000a90d8b,5,forest,0,777.3,-4.6473,1.0,0.0917,0.2856,1.0,0.5344,0.076,0.39,0.0,0.5344,0.0,0.8702,0.1443,0.4904,0.6919
crohot,7000a90d8b,5,forest,1,812.2,-4.6473,0.2416,0.1546,0.0295,1.0,0.0415,0.1518,0.5603,0.0,0.1716,0.0,0.8702,0.1443,0.4904,0.6919
crohot,7000a90d8b,5,forest,2,448.8,-4.6473,0.0,0.0,0.0,1.0,0.0,0.0,0.5,0.0,0.0,0.0,0.8702,0.1443,0.4904,0.6919
crohot,7000a90d8b,5,forest,3,347.5,-4.6473,0.0,0.0,0.0,0.7562,0.0,0.0,0.5,0.0,0.0,0.1219,0.8702,0.1443,0.4904,0.6919
crohot,7000a90d8b,5,forest,4,786.3,-4.6473,0.2733,0.0747,0.0,1.0,0.0,0.0747,0.5373,0.0,0.0,0.0,0.8702,0.1443,0.4904,0.6919
crohot,7000a90d8b,5,forest,5,513.5,-4.6473,0.6162,0.1232,0.0352,1.0,0.1156,0.1206,0.5419,0.0,0.1876,0.0,0.8702,0.1443,0.4904,0.6919
crohot,7000a90d8b,5,forest,6,338.9,-4.6473,1.0,0.0326,0.8942,1.0,0.9456,0.0151,0.0546,0.0,0.9456,0.0,0.8702,0.1443,0.4904,0.6919
crohot,7000a90d8b,5,forest,7,606.7,-4.6473,0.8569,0.387,0.9246,1.0,0.824,0.1723,0.0523,0.0,0.9616,0.0,0.8702,0.1443,0.4904,0.6919
crohot,7000a90d8b,5,forest,8,1437.7,-4.6473,0.9912,0.1039,0.0028,1.0,0.052,0.1037,0.5504,0.0,0.0525,0.0,0.8702,0.1443,0.4904,0.6919
crohot,7000a90d8b,5,forest,9,373.0,-4.6473,0.0,0.0,0.0,0.0516,0.0,0.0,0.5,0.0,0.0,0.4742,0.8702,0.1443,0.4904,0.6919
crohot,7000a90d8b,5,forest,10,334.2,-4.6473,0.0,0.0,0.0,1.0,0.0,0.0,0.5,0.0,0.0,0.0,0.8702,0.1443,0.4904,0.6919
crohot,7000a90d8b,5,forest,11,287.2,-4.6473,0.0,0.0,0.9999,1.0,0.0,0.0,0.0,0.0,1.0,0.0,0.8702,0.1443,0.4904,0.6919
crohot,7000a90d8b,5,forest,12,453.8,-4.6473,0.3654,0.0,0.0,1.0,0.0,0.0,0.5,0.0,0.0,0.0,0.8702,0.1443,0.4904,0.6919
crohot,7000a90d8b,5,forest,13,362.0,-4.6473,0.331,0.0495,0.0,1.0,0.0,0.0495,0.5248,0.0,0.0,0.0,0.8702,0.1443,0.4904,0.6919
crohot,7000a90d8b,5,forest,14,671.8,-4.6473,0.4023,0.1877,0.8253,1.0,0.3655,0.0948,0.1037,0.0,0.9085,0.0,0.8702,0.1443,0.4904,0.6919
crohot,7000a90d8b,5,forest,15,380.1,-4.6473,0.0015,0.1193,0.8736,1.0,0.0014,0.0568,0.0708,0.0,0.9346,0.0,0.8702,0.1443,0.4904,0.6919
crohot,7000a90d8b,5,forest,16,550.2,-4.6473,0.2991,0.1529,0.4905,1.0,0.2095,0.1079,0.2937,0.0,0.7004,0.0,0.8702,0.1443,0.4904,0.6919
crohot,7000a90d8b,5,forest,17,453.4,-4.6473,1.0,0.1407,0.238,1.0,0.4879,0.1206,0.4346,0.0,0.4879,0.0,0.8702,0.1443,0.4904,0.6919
crohot,7000a90d8b,5,forest,18,364.1,-4.6473,0.4987,0.1411,0.328,1.0,0.2856,0.1134,0.3834,0.0,0.5727,0.0,0.8702,0.1443,0.4904,0.6919
