map_name,circuit_id,td,course_type,leg_index,leg_m,fitness_total,parallel_affordance,crossing_density,exit_clarity,contour_crossing_guidance,HANDRAIL_FOLLOW,LINE_CROSSING,ATTACK_POINT,DIRECT_RISK_RUN,RELIEF_CROSSING_GUIDANCE,SAFETY_RECOVERY,score_a,penalty_b,score_d,score_h,n_unique_tags
crohot,5943c0327c,5,forest,0,367.5,56.64,1.0,0.1313,0.207,1.0,0.4549,0.115,0.4486,0.0,0.4549,0.0,0.8702,0.0601,0.495,0.7354,
crohot,5943c0327c,5,forest,1,508.1,56.64,1.0,0.1543,0.1692,1.0,0.4113,0.1387,0.4795,0.0,0.4113,0.0,0.8702,0.0601,0.495,0.7354,
crohot,5943c0327c,5,forest,2,578.4,56.64,0.5002,0.1401,0.0061,1.0,0.0391,0.1396,0.5666,0.0,0.0783,0.0,0.8702,0.0601,0.495,0.7354,
crohot,5943c0327c,5,forest,3,574.7,56.64,1.0,0.1721,0.9618,1.0,0.9807,0.0728,0.0224,0.0,0.9807,0.0,0.8702,0.0601,0.495,0.7354,
crohot,5943c0327c,5,forest,4,665.8,56.64,0.5501,0.0793,0.9111,1.0,0.5251,0.036,0.048,0.0,0.9545,0.0,0.8702,0.0601,0.495,0.7354,
crohot,5943c0327c,5,forest,5,353.3,56.64,0.0,0.0,0.955,1.0,0.0,0.0,0.0225,0.0,0.9772,0.0,0.8702,0.0601,0.495,0.7354,
crohot,5943c0327c,5,forest,6,663.0,56.64,0.0,0.0,0.9881,1.0,0.0,0.0,0.0059,0.0,0.994,0.0,0.8702,0.0601,0.495,0.7354,
crohot,5943c0327c,5,forest,7,574.1,56.64,0.2242,0.2451,0.0,1.0,0.0,0.2451,0.6226,0.0,0.0,0.0,0.8702,0.0601,0.495,0.7354,
crohot,5943c0327c,5,forest,8,400.2,56.64,0.1609,0.116,0.1619,1.0,0.0647,0.1048,0.4677,0.0,0.4024,0.0,0.8702,0.0601,0.495,0.7354,
crohot,5943c0327c,5,forest,9,651.9,56.64,0.446,0.146,0.3872,1.0,0.2775,0.1121,0.3512,0.0,0.6222,0.0,0.8702,0.0601,0.495,0.7354,
crohot,5943c0327c,5,forest,10,147.5,56.64,0.0,0.0,0.1265,0.5223,0.0,0.0,0.4368,0.0,0.1858,0.2086,0.8702,0.0601,0.495,0.7354,
crohot,5943c0327c,5,forest,11,193.3,56.64,0.9961,0.0573,0.459,1.0,0.6748,0.0415,0.286,0.0,0.6775,0.0,0.8702,0.0601,0.495,0.7354,
crohot,5943c0327c,5,forest,12,194.4,56.64,0.0527,0.2335,0.4036,0.9084,0.0335,0.177,0.3678,0.0,0.5771,0.0279,0.8702,0.0601,0.495,0.7354,
crohot,5943c0327c,5,forest,13,1314.4,56.64,1.0,0.133,0.9229,1.0,0.9607,0.0594,0.0437,0.0,0.9607,0.0,0.8702,0.0601,0.495,0.7354,
crohot,5943c0327c,5,forest,14,493.2,56.64,1.0,0.0404,0.9721,1.0,0.9859,0.0169,0.0145,0.0,0.9859,0.0,0.8702,0.0601,0.495,0.7354,
crohot,5943c0327c,5,forest,15,474.0,56.64,0.0,0.067,0.956,1.0,0.0,0.0286,0.0235,0.0,0.9778,0.0,0.8702,0.0601,0.495,0.7354,
crohot,5943c0327c,5,forest,16,577.6,56.64,0.0676,0.1764,0.0,1.0,0.0,0.1764,0.5882,0.0,0.0,0.0,0.8702,0.0601,0.495,0.7354,
crohot,5943c0327c,5,forest,17,529.0,56.64,0.0848,0.0833,0.0233,1.0,0.0129,0.0822,0.5291,0.0,0.1526,0.0,0.8702,0.0601,0.495,0.7354,
crohot,5943c0327c,5,forest,18,280.4,56.64,1.0,0.1668,0.9631,1.0,0.9814,0.0704,0.0215,0.0,0.9814,0.0,0.8702,0.0601,0.495,0.7354,
crohot,4d4f1ba801,5,forest,0,853.5,30.2324,1.0,0.2003,0.8834,1.0,0.9399,0.0941,0.07,0.0,0.9399,0.0,0.8702,0.097,0.5253,0.5158,
crohot,4d4f1ba801,5,forest,1,496.4,30.2324,0.0,0.0,0.0,1.0,0.0,0.0,0.5,0.0,0.0,0.0,0.8702,0.097,0.5253,0.5158,
crohot,4d4f1ba801,5,forest,2,608.5,30.2324,0.0142,0.0,0.0,0.3404,0.0,0.0,0.5,0.0,0.0,0.3298,0.8702,0.097,0.5253,0.5158,
crohot,4d4f1ba801,5,forest,3,172.3,30.2324,0.0,0.0,0.0,0.0,0.0,0.0,0.5,0.0,0.0,0.5,0.8702,0.097,0.5253,0.5158,
crohot,4d4f1ba801,5,forest,4,255.5,30.2324,0.0,0.0,0.0,0.0,0.0,0.0,0.5,0.0,0.0,0.5,0.8702,0.097,0.5253,0.5158,
crohot,4d4f1ba801,5,forest,5,352.8,30.2324,0.0,0.0,0.0,0.0,0.0,0.0,0.5,0.0,0.0,0.5,0.8702,0.097,0.5253,0.5158,
crohot,4d4f1ba801,5,forest,6,316.8,30.2324,0.0,0.0,0.0,0.0,0.0,0.0,0.5,0.0,0.0,0.5,0.8702,0.097,0.5253,0.5158,
crohot,4d4f1ba801,5,forest,7,628.1,30.2324,0.1037,0.0,0.0,0.8693,0.0,0.0,0.5,0.0,0.0,0.0654,0.8702,0.097,0.5253,0.5158,
crohot,4d4f1ba801,5,forest,8,459.6,30.2324,0.4938,0.2686,0.7206,1.0,0.4192,0.1525,0.1772,0.0,0.8489,0.0,0.8702,0.097,0.5253,0.5158,
crohot,4d4f1ba801,5,forest,9,70.7,30.2324,0.0,0.1288,0.4522,0.848,0.0,0.0939,0.3092,0.089,0.5702,0.0425,0.8702,0.097,0.5253,0.5158,
crohot,4d4f1ba801,5,forest,10,615.8,30.2324,0.1697,0.085,0.1461,1.0,0.0649,0.0775,0.4632,0.0,0.3822,0.0,0.8702,0.097,0.5253,0.5158,
crohot,4d4f1ba801,5,forest,11,1110.7,30.2324,0.2826,0.045,0.0,1.0,0.0,0.045,0.5225,0.0,0.0,0.0,0.8702,0.097,0.5253,0.5158,
crohot,4d4f1ba801,5,forest,12,289.4,30.2324,0.2776,0.0995,0.9722,1.0,0.2737,0.0414,0.0153,0.0,0.986,0.0,0.8702,0.097,0.5253,0.5158,
crohot,4d4f1ba801,5,forest,13,316.4,30.2324,0.3154,0.1435,0.1738,1.0,0.1315,0.1285,0.4724,0.0,0.4169,0.0,0.8702,0.097,0.5253,0.5158,
crohot,4d4f1ba801,5,forest,14,1062.6,30.2324,0.7929,0.1991,0.9463,1.0,0.7713,0.086,0.0322,0.0,0.9728,0.0,0.8702,0.097,0.5253,0.5158,
crohot,4d4f1ba801,5,forest,15,351.9,30.2324,0.0,0.0,0.0,0.5948,0.0,0.0,0.5,0.0,0.0,0.2026,0.8702,0.097,0.5253,0.5158,
crohot,4d4f1ba801,5,forest,16,622.9,30.2324,1.0,0.1919,0.0,1.0,0.0,0.1919,0.596,0.0,0.0,0.0,0.8702,0.097,0.5253,0.5158,
crohot,4d4f1ba801,5,forest,17,671.7,30.2324,1.0,0.0903,0.0723,1.0,0.2689,0.0864,0.5057,0.0,0.2689,0.0,0.8702,0.097,0.5253,0.5158,
crohot,4d4f1ba801,5,forest,18,617.2,30.2324,0.6498,0.1259,0.0287,1.0,0.1101,0.1237,0.5468,0.0,0.1695,0.0,0.8702,0.097,0.5253,0.5158,
crohot,48a594f8b5,5,forest,0,813.9,31.0039,1.0,0.3072,0.9731,1.0,0.9865,0.1278,0.0176,0.0,0.9865,0.0,0.8702,0.1391,0.4942,0.5811,
crohot,48a594f8b5,5,forest,1,386.9,31.0039,0.9814,0.2205,0.9686,1.0,0.9659,0.0924,0.0191,0.0,0.9842,0.0,0.8702,0.1391,0.4942,0.5811,
crohot,48a594f8b5,5,forest,2,688.4,31.0039,0.667,0.1811,0.7435,1.0,0.5752,0.1003,0.1515,0.0,0.8623,0.0,0.8702,0.1391,0.4942,0.5811,
crohot,48a594f8b5,5,forest,3,454.3,31.0039,0.1049,0.0718,0.4402,1.0,0.0696,0.0528,0.3,0.0,0.6634,0.0,0.8702,0.1391,0.4942,0.5811,
crohot,48a594f8b5,5,forest,4,347.4,31.0039,0.4214,0.18,0.5805,1.0,0.321,0.1173,0.2475,0.0,0.7619,0.0,0.8702,0.1391,0.4942,0.5811,
crohot,48a594f8b5,5,forest,5,1100.4,31.0039,1.0,0.1234,0.1359,1.0,0.3687,0.1134,0.4854,0.0,0.3687,0.0,0.8702,0.1391,0.4942,0.5811,
crohot,48a594f8b5,5,forest,6,463.9,31.0039,0.0,0.0,0.0,0.0,0.0,0.0,0.5,0.0,0.0,0.5,0.8702,0.1391,0.4942,0.5811,
crohot,48a594f8b5,5,forest,7,619.4,31.0039,0.0,0.0,0.0,1.0,0.0,0.0,0.5,0.0,0.0,0.0,0.8702,0.1391,0.4942,0.5811,
crohot,48a594f8b5,5,forest,8,225.0,31.0039,0.0,0.0,0.4303,0.0,0.0,0.0,0.2848,0.5709,0.0,0.2848,0.8702,0.1391,0.4942,0.5811,
crohot,48a594f8b5,5,forest,9,721.0,31.0039,0.0,0.0,0.0,1.0,0.0,0.0,0.5,0.0,0.0,0.0,0.8702,0.1391,0.4942,0.5811,
crohot,48a594f8b5,5,forest,10,608.1,31.0039,0.0,0.0,0.0,1.0,0.0,0.0,0.5,0.0,0.0,0.0,0.8702,0.1391,0.4942,0.5811,
crohot,48a594f8b5,5,forest,11,555.2,31.0039,0.5433,0.1651,0.0,1.0,0.0,0.1651,0.5825,0.0,0.0,0.0,0.8702,0.1391,0.4942,0.5811,
crohot,48a594f8b5,5,forest,12,286.3,31.0039,0.2584,0.0863,0.0,1.0,0.0,0.0863,0.5431,0.0,0.0,0.0,0.8702,0.1391,0.4942,0.5811,
crohot,48a594f8b5,5,forest,13,762.0,31.0039,0.2531,0.0784,0.2477,1.0,0.126,0.0667,0.4056,0.0,0.4977,0.0,0.8702,0.1391,0.4942,0.5811,
crohot,48a594f8b5,5,forest,14,459.9,31.0039,0.5185,0.2723,0.0,1.0,0.0,0.2723,0.6362,0.0,0.0,0.0,0.8702,0.1391,0.4942,0.5811,
crohot,48a594f8b5,5,forest,15,111.1,31.0039,0.0,0.2543,0.0,1.0,0.0,0.2543,0.6272,0.0,0.0,0.0,0.8702,0.1391,0.4942,0.5811,
crohot,48a594f8b5,5,forest,16,106.7,31.0039,0.0,0.1533,0.7382,1.0,0.0,0.0854,0.151,0.0,0.8592,0.0,0.8702,0.1391,0.4942,0.5811,
crohot,48a594f8b5,5,forest,17,1020.5,31.0039,0.8859,0.1765,0.0024,1.0,0.0435,0.1762,0.5868,0.0,0.0491,0.0,0.8702,0.1391,0.4942,0.5811,
crohot,48a594f8b5,5,forest,18,521.7,31.0039,1.0,0.2807,0.9998,1.0,0.9999,0.1123,0.0001,0.0,0.9999,0.0,0.8702,0.1391,0.4942,0.5811,
crohot,da5dce7c89,5,forest,0,372.7,25.6033,1.0,0.1785,0.4533,1.0,0.6733,0.13,0.3222,0.0,0.6733,0.0,0.8702,0.1241,0.4091,0.4958,
crohot,da5dce7c89,5,forest,1,363.4,25.6033,0.2565,0.2414,0.8756,1.0,0.24,0.1146,0.0772,0.0,0.9357,0.0,0.8702,0.1241,0.4091,0.4958,
crohot,da5dce7c89,5,forest,2,471.3,25.6033,0.0,0.0957,0.6627,1.0,0.0,0.0576,0.1848,0.0,0.814,0.0,0.8702,0.1241,0.4091,0.4958,
crohot,da5dce7c89,5,forest,3,529.5,25.6033,0.5391,0.1692,0.1936,1.0,0.2372,0.1496,0.4714,0.0,0.44,0.0,0.8702,0.1241,0.4091,0.4958,
crohot,da5dce7c89,5,forest,4,1200.9,25.6033,0.2357,0.1484,0.0732,1.0,0.0638,0.1419,0.5322,0.0,0.2705,0.0,0.8702,0.1241,0.4091,0.4958,
crohot,da5dce7c89,5,forest,5,544.7,25.6033,0.0563,0.0,0.0,1.0,0.0,0.0,0.5,0.0,0.0,0.0,0.8702,0.1241,0.4091,0.4958,
crohot,da5dce7c89,5,forest,6,485.4,25.6033,0.0,0.0,0.0,0.0,0.0,0.0,0.5,0.0,0.0,0.5,0.8702,0.1241,0.4091,0.4958,
crohot,da5dce7c89,5,forest,7,511.7,25.6033,0.0,0.0,0.0,0.0,0.0,0.0,0.5,0.0,0.0,0.5,0.8702,0.1241,0.4091,0.4958,
crohot,da5dce7c89,5,forest,8,359.4,25.6033,0.0,0.0,0.0,0.0,0.0,0.0,0.5,0.0,0.0,0.5,0.8702,0.1241,0.4091,0.4958,
crohot,da5dce7c89,5,forest,9,702.2,25.6033,0.0,0.0,0.0,0.4834,0.0,0.0,0.5,0.0,0.0,0.2583,0.8702,0.1241,0.4091,0.4958,
crohot,da5dce7c89,5,forest,10,521.2,25.6033,0.0,0.0,0.0,1.0,0.0,0.0,0.5,0.0,0.0,0.0,0.8702,0.1241,0.4091,0.4958,
crohot,da5dce7c89,5,forest,11,321.0,25.6033,0.0,0.0,0.999,1.0,0.0,0.0,0.0005,0.0,0.9995,0.0,0.8702,0.1241,0.4091,0.4958,
crohot,da5dce7c89,5,forest,12,604.6,25.6033,0.0,0.0,0.0,1.0,0.0,0.0,0.5,0.0,0.0,0.0,0.8702,0.1241,0.4091,0.4958,
crohot,da5dce7c89,5,forest,13,969.5,25.6033,0.0,0.0852,0.0,1.0,0.0,0.0852,0.5426,0.0,0.0,0.0,0.8702,0.1241,0.4091,0.4958,
crohot,da5dce7c89,5,forest,14,336.6,25.6033,0.0,0.1473,0.0003,1.0,0.0,0.1473,0.5735,0.0,0.0185,0.0,0.8702,0.1241,0.4091,0.4958,
crohot,da5dce7c89,5,forest,15,580.7,25.6033,0.2458,0.1373,0.0557,1.0,0.058,0.1327,0.537,0.0,0.2361,0.0,0.8702,0.1241,0.4091,0.4958,
crohot,da5dce7c89,5,forest,16,329.6,25.6033,0.0157,0.1615,0.0724,1.0,0.0042,0.1545,0.5387,0.0,0.2691,0.0,0.8702,0.1241,0.4091,0.4958,
crohot,da5dce7c89,5,forest,17,478.6,25.6033,0.2836,0.1639,0.0395,1.0,0.0564,0.16,0.559,0.0,0.1988,0.0,0.8702,0.1241,0.4091,0.4958,
crohot,da5dce7c89,5,forest,18,433.9,25.6033,0.3083,0.0632,0.0,1.0,0.0,0.0632,0.5316,0.0,0.0,0.0,0.8702,0.1241,0.4091,0.4958,
crohot,ff90368347,5,forest,0,1060.2,-2.1122,1.0,0.1115,0.96,1.0,0.9798,0.0473,0.0222,0.0,0.9798,0.0,0.8702,0.0439,0.4597,0.5533,
crohot,ff90368347,5,forest,1,401.1,-2.1122,1.0,0.0997,0.973,1.0,0.9864,0.0415,0.0149,0.0,0.9864,0.0,0.8702,0.0439,0.4597,0.5533,
crohot,ff90368347,5,forest,2,370.7,-2.1122,0.9219,0.1371,0.3441,1.0,0.5408,0.1088,0.3729,0.0,0.5866,0.0,0.8702,0.0439,0.4597,0.5533,
crohot,ff90368347,5,forest,3,658.2,-2.1122,1.0,0.0777,0.5074,1.0,0.7123,0.054,0.2654,0.0,0.7123,0.0,0.8702,0.0439,0.4597,0.5533,
crohot,ff90368347,5,forest,4,570.9,-2.1122,0.9029,0.1186,0.6188,1.0,0.7103,0.0746,0.2132,0.0,0.7866,0.0,0.8702,0.0439,0.4597,0.5533,
crohot,ff90368347,5,forest,5,134.4,-2.1122,0.0,0.0,0.1071,0.5938,0.0,0.0,0.4465,0.0295,0.1943,0.1814,0.8702,0.0439,0.4597,0.5533,
crohot,ff90368347,5,forest,6,119.4,-2.1122,0.0351,0.1236,0.0,0.3174,0.0,0.1236,0.5618,0.0,0.0,0.3701,0.8702,0.0439,0.4597,0.5533,
crohot,ff90368347,5,forest,7,440.6,-2.1122,0.0,0.1174,0.7794,1.0,0.0,0.0625,0.1232,0.0,0.8828,0.0,0.8702,0.0439,0.4597,0.5533,
crohot,ff90368347,5,forest,8,554.2,-2.1122,0.0,0.0,0.0,0.2701,0.0,0.0,0.5,0.0,0.0,0.365,0.8702,0.0439,0.4597,0.5533,
crohot,ff90368347,5,forest,9,335.6,-2.1122,0.0,0.0,0.0,0.0,0.0,0.0,0.5,0.0,0.0,0.5,0.8702,0.0439,0.4597,0.5533,
crohot,ff90368347,5,forest,10,401.2,-2.1122,0.0,0.0,0.0,0.0,0.0,0.0,0.5,0.0,0.0,0.5,0.8702,0.0439,0.4597,0.5533,
crohot,ff90368347,5,forest,11,403.3,-2.1122,0.0,0.0,0.0,0.0,0.0,0.0,0.5,0.0,0.0,0.5,0.8702,0.0439,0.4597,0.5533,
crohot,ff90368347,5,forest,12,542.5,-2.1122,0.0,0.0,0.0,0.0,0.0,0.0,0.5,0.0,0.0,0.5,0.8702,0.0439,0.4597,0.5533,
crohot,ff90368347,5,forest,13,993.6,-2.1122,0.0,0.1138,0.0,1.0,0.0,0.1138,0.5569,0.0,0.0,0.0,0.8702,0.0439,0.4597,0.5533,
crohot,ff90368347,5,forest,14,402.8,-2.1122,0.2288,0.1011,0.3229,1.0,0.13,0.0815,0.3728,0.0,0.5683,0.0,0.8702,0.0439,0.4597,0.5533,
crohot,ff90368347,5,forest,15,393.8,-2.1122,0.0985,0.2923,0.6489,1.0,0.0793,0.1785,0.2269,0.0,0.8055,0.0,0.8702,0.0439,0.4597,0.5533,
crohot,ff90368347,5,forest,16,612.6,-2.1122,0.2361,0.2435,0.2917,1.0,0.1275,0.2009,0.4404,0.0,0.5401,0.0,0.8702,0.0439,0.4597,0.5533,
crohot,ff90368347,5,forest,17,467.5,-2.1122,0.6121,0.1062,0.176,1.0,0.2568,0.0949,0.4557,0.0,0.4195,0.0,0.8702,0.0439,0.4597,0.5533,
crohot,ff90368347,5,forest,18,532.9,-2.1122,1.0,0.0493,0.6129,1.0,0.7829,0.0312,0.2031,0.0,0.7829,0.0,0.8702,0.0439,0.4597,0.5533,
crohot,ef3e75fbca,5,forest,0,1163.9,56.0405,1.0,0.1167,0.1943,1.0,0.4408,0.1031,0.4499,0.0,0.4408,0.0,0.8702,0.1226,0.4908,0.8236,
crohot,ef3e75fbca,5,forest,1,401.8,56.0405,0.4378,0.1777,0.6515,1.0,0.3534,0.1083,0.2052,0.0,0.8072,0.0,0.8702,0.1226,0.4908,0.8236,
crohot,ef3e75fbca,5,forest,2,699.5,56.0405,0.646,0.156,0.0928,1.0,0.1968,0.1473,0.5244,0.0,0.3047,0.0,0.8702,0.1226,0.4908,0.8236,
crohot,ef3e75fbca,5,forest,3,137.2,56.0405,0.0383,0.0543,0.0203,0.7866,0.0055,0.0537,0.5165,0.0,0.112,0.1057,0.8702,0.1226,0.4908,0.8236,
crohot,ef3e75fbca,5,forest,4,189.0,56.0405,0.0,0.1435,0.3812,1.0,0.0,0.1107,0.3538,0.0,0.6174,0.0,0.8702,0.1226,0.4908,0.8236,
crohot,ef3e75fbca,5,forest,5,290.1,56.0405,0.1025,0.091,0.8557,1.0,0.0949,0.0443,0.0787,0.0,0.925,0.0,0.8702,0.1226,0.4908,0.8236,
crohot,ef3e75fbca,5,forest,6,431.7,56.0405,0.4501,0.2888,1.0,1.0,0.4501,0.1155,0.0,0.0,1.0,0.0,0.8702,0.1226,0.4908,0.8236,
crohot,ef3e75fbca,5,forest,7,552.2,56.0405,0.0877,0.1234,0.0,1.0,0.0,0.1234,0.5617,0.0,0.0,0.0,0.8702,0.1226,0.4908,0.8236,
crohot,ef3e75fbca,5,forest,8,706.2,56.0405,0.2473,0.1313,0.7861,1.0,0.2192,0.0694,0.121,0.0,0.8866,0.0,0.8702,0.1226,0.4908,0.8236,
crohot,ef3e75fbca,5,forest,9,318.7,56.0405,1.0,0.0939,0.2181,1.0,0.467,0.0816,0.4277,0.0,0.467,0.0,0.8702,0.1226,0.4908,0.8236,
crohot,ef3e75fbca,5,forest,10,828.1,56.0405,0.3709,0.1512,0.8985,1.0,0.3516,0.0697,0.0584,0.0,0.9479,0.0,0.8702,0.1226,0.4908,0.8236,
crohot,ef3e75fbca,5,forest,11,532.1,56.0405,0.8676,0.1338,0.7267,1.0,0.7396,0.0755,0.155,0.0,0.8524,0.0,0.8702,0.1226,0.4908,0.8236,
crohot,ef3e75fbca,5,forest,12,610.2,56.0405,1.0,0.1345,0.5701,1.0,0.7551,0.0885,0.2438,0.0,0.7551,0.0,0.8702,0.1226,0.4908,0.8236,
crohot,ef3e75fbca,5,forest,13,179.7,56.0405,0.5082,0.1857,0.2237,1.0,0.2404,0.1608,0.4602,0.0,0.473,0.0,0.8702,0.1226,0.4908,0.8236,
crohot,ef3e75fbca,5,forest,14,343.6,56.0405,1.0,0.3297,0.809,1.0,0.8994,0.1697,0.127,0.0,0.8994,0.0,0.8702,0.1226,0.4908,0.8236,
crohot,ef3e75fbca,5,forest,15,938.3,56.0405,1.0,0.1405,0.3265,1.0,0.5714,0.113,0.3841,0.0,0.5714,0.0,0.8702,0.1226,0.4908,0.8236,
crohot,ef3e75fbca,5,forest,16,608.0,56.0405,0.0,0.0,0.0,1.0,0.0,0.0,0.5,0.0,0.0,0.0,0.8702,0.1226,0.4908,0.8236,
crohot,ef3e75fbca,5,forest,17,611.7,56.0405,0.2956,0.0918,0.1842,1.0,0.1269,0.0816,0.4453,0.0,0.4292,0.0,0.8702,0.1226,0.4908,0.8236,
crohot,ef3e75fbca,5,forest,18,561.4,56.0405,1.0,0.0948,0.8308,1.0,0.9115,0.0475,0.0926,0.0,0.9115,0.0,0.8702,0.1226,0.4908,0.8236,
crohot,07d0458618,5,forest,0,551.3,52.2051,1.0,0.1224,0.8199,1.0,0.9055,0.0622,0.1011,0.0,0.9055,0.0,0.8702,0.0551,0.542,0.5256,
crohot,07d0458618,5,forest,1,347.4,52.2051,0.1834,0.3552,0.1968,1.0,0.0814,0.3133,0.5442,0.0,0.4437,0.0,0.8702,0.0551,0.542,0.5256,
crohot,07d0458618,5,forest,2,889.0,52.2051,1.0,0.1365,0.8264,1.0,0.9091,0.0688,0.0986,0.0,0.9091,0.0,0.8702,0.0551,0.542,0.5256,
crohot,07d0458618,5,forest,3,358.9,52.2051,0.0,0.0,0.971,1.0,0.0,0.0,0.0145,0.0,0.9854,0.0,0.8702,0.0551,0.542,0.5256,
crohot,07d0458618,5,forest,4,287.0,52.2051,0.0,0.0,0.1964,1.0,0.0,0.0,0.4018,0.0,0.4432,0.0,0.8702,0.0551,0.542,0.5256,
crohot,07d0458618,5,forest,5,131.1,52.2051,0.0,0.0,0.0,0.0,0.0,0.0,0.5,0.0,0.0,0.5,0.8702,0.0551,0.542,0.5256,
crohot,07d0458618,5,forest,6,199.1,52.2051,0.0,0.0,0.0,0.0,0.0,0.0,0.5,0.0,0.0,0.5,0.8702,0.0551,0.542,0.5256,
crohot,07d0458618,5,forest,7,437.0,52.2051,0.0,0.0,0.0,0.9113,0.0,0.0,0.5,0.0,0.0,0.0443,0.8702,0.0551,0.542,0.5256,
crohot,07d0458618,5,forest,8,635.3,52.2051,0.3094,0.1137,0.0,1.0,0.0,0.1137,0.5569,0.0,0.0,0.0,0.8702,0.0551,0.542,0.5256,
crohot,07d0458618,5,forest,9,504.9,52.2051,1.0,0.1373,0.6096,1.0,0.7807,0.0871,0.222,0.0,0.7807,0.0,0.8702,0.0551,0.542,0.5256,
crohot,07d0458618,5,forest,10,1096.1,52.2051,0.1904,0.0205,0.018,1.0,0.0256,0.0203,0.501,0.0,0.1343,0.0,0.8702,0.0551,0.542,0.5256,
crohot,07d0458618,5,forest,11,184.1,52.2051,0.0,0.0,0.0,0.0,0.0,0.0,0.5,0.0,0.0,0.5,0.8702,0.0551,0.542,0.5256,
crohot,07d0458618,5,forest,12,539.1,52.2051,0.0,0.0,0.0,0.0,0.0,0.0,0.5,0.0,0.0,0.5,0.8702,0.0551,0.542,0.5256,
crohot,07d0458618,5,forest,13,440.0,52.2051,0.0,0.0,0.0,0.0434,0.0,0.0,0.5,0.0,0.0,0.4783,0.8702,0.0551,0.542,0.5256,
crohot,07d0458618,5,forest,14,248.6,52.2051,0.0,0.0,0.0,0.0,0.0,0.0,0.5,0.0,0.0,0.5,0.8702,0.0551,0.542,0.5256,
crohot,07d0458618,5,forest,15,527.0,52.2051,0.344,0.1753,0.0,1.0,0.0,0.1753,0.5876,0.0,0.0,0.0,0.8702,0.0551,0.542,0.5256,
crohot,07d0458618,5,forest,16,550.6,52.2051,1.0,0.1757,0.9549,1.0,0.9772,0.075,0.0265,0.0,0.9772,0.0,0.8702,0.0551,0.542,0.5256,
crohot,07d0458618,5,forest,17,465.7,52.2051,0.7976,0.1554,0.0,1.0,0.0,0.1554,0.5777,0.0,0.0,0.0,0.8702,0.0551,0.542,0.5256,
crohot,07d0458618,5,forest,18,111.5,52.2051,0.0,0.4082,0.1302,1.0,0.0,0.3763,0.6124,0.0,0.3609,0.0,0.8702,0.0551,0.542,0.5256,
crohot,100996d376,5,forest,0,443.2,52.209,0.135,0.1272,0.2185,1.0,0.0631,0.1105,0.4404,0.0,0.4675,0.0,0.8702,0.0879,0.498,0.6089,
crohot,100996d376,5,forest,1,214.3,52.209,0.6841,0.0702,0.4549,1.0,0.4614,0.051,0.2917,0.0,0.6744,0.0,0.8702,0.0879,0.498,0.6089,
crohot,100996d376,5,forest,2,646.7,52.209,1.0,0.1574,0.0028,1.0,0.053,0.1572,0.5771,0.0,0.053,0.0,0.8702,0.0879,0.498,0.6089,
crohot,100996d376,5,forest,3,408.8,52.209,0.07,0.1337,0.1449,1.0,0.0267,0.122,0.4847,0.0,0.3806,0.0,0.8702,0.0879,0.498,0.6089,
crohot,100996d376,5,forest,4,514.4,52.209,0.3423,0.2494,0.5781,1.0,0.2603,0.1629,0.2636,0.0,0.7603,0.0,0.8702,0.0879,0.498,0.6089,
crohot,100996d376,5,forest,5,641.9,52.209,0.7429,0.0743,0.4247,1.0,0.4841,0.0554,0.309,0.0,0.6517,0.0,0.8702,0.0879,0.498,0.6089,
crohot,100996d376,5,forest,6,527.2,52.209,0.1023,0.1613,0.3816,1.0,0.0632,0.1244,0.3591,0.0,0.6178,0.0,0.8702,0.0879,0.498,0.6089,
crohot,100996d376,5,forest,7,471.8,52.209,0.4013,0.1678,0.4943,1.0,0.2822,0.1181,0.2953,0.0,0.7031,0.0,0.8702,0.0879,0.498,0.6089,
crohot,100996d376,5,forest,8,425.0,52.209,0.4827,0.1681,0.1421,1.0,0.182,0.1538,0.501,0.0,0.377,0.0,0.8702,0.0879,0.498,0.6089,
crohot,100996d376,5,forest,9,329.2,52.209,1.0,0.0,0.7165,1.0,0.8464,0.0,0.1418,0.0,0.8464,0.0,0.8702,0.0879,0.498,0.6089,
crohot,100996d376,5,forest,10,474.7,52.209,0.403,0.1496,0.0565,1.0,0.0958,0.1446,0.5423,0.0,0.2377,0.0,0.8702,0.0879,0.498,0.6089,
crohot,100996d376,5,forest,11,588.5,52.209,0.426,0.1254,0.5539,1.0,0.317,0.0838,0.251,0.0,0.7443,0.0,0.8702,0.0879,0.498,0.6089,
crohot,100996d376,5,forest,12,1160.9,52.209,0.3967,0.2709,0.1415,1.0,0.1492,0.2479,0.5455,0.0,0.3762,0.0,0.8702,0.0879,0.498,0.6089,
crohot,100996d376,5,forest,13,301.7,52.209,0.0,0.0,0.0,0.0,0.0,0.0,0.5,0.0,0.0,0.5,0.8702,0.0879,0.498,0.6089,
crohot,100996d376,5,forest,14,151.5,52.209,0.0,0.0,0.0,0.0,0.0,0.0,0.5,0.0,0.0,0.5,0.8702,0.0879,0.498,0.6089,
crohot,100996d376,5,forest,15,432.6,52.209,0.0,0.0,0.0,0.0,0.0,0.0,0.5,0.0,0.0,0.5,0.8702,0.0879,0.498,0.6089,
crohot,100996d376,5,forest,16,422.7,52.209,0.0,0.0,0.0,1.0,0.0,0.0,0.5,0.0,0.0,0.0,0.8702,0.0879,0.498,0.6089,
crohot,100996d376,5,forest,17,453.4,52.209,0.0,0.0,0.0,0.1933,0.0,0.0,0.5,0.0,0.0,0.4033,0.8702,0.0879,0.498,0.6089,
crohot,100996d376,5,forest,18,1182.3,52.209,1.0,0.0393,0.0,1.0,0.0,0.0393,0.5196,0.0,0.0,0.0,0.8702,0.0879,0.498,0.6089,
crohot,48b8486910,5,forest,0,931.0,52.7254,0.4921,0.0978,0.2135,1.0,0.2274,0.0853,0.4317,0.0,0.4621,0.0,0.8702,0.0906,0.4988,0.5154,
crohot,48b8486910,5,forest,1,506.8,52.7254,0.0933,0.0443,0.4027,1.0,0.0592,0.0336,0.3119,0.0,0.6346,0.0,0.8702,0.0906,0.4988,0.5154,
crohot,48b8486910,5,forest,2,610.0,52.7254,0.835,0.1077,0.769,1.0,0.7323,0.058,0.128,0.0,0.8769,0.0,0.8702,0.0906,0.4988,0.5154,
crohot,48b8486910,5,forest,3,311.6,52.7254,0.4183,0.2291,0.5117,1.0,0.2993,0.1588,0.3001,0.0,0.7154,0.0,0.8702,0.0906,0.4988,0.5154,
crohot,48b8486910,5,forest,4,466.2,52.7254,1.0,0.1417,0.5903,1.0,0.7683,0.0915,0.2339,0.0,0.7683,0.0,0.8702,0.0906,0.4988,0.5154,
crohot,48b8486910,5,forest,5,572.3,52.7254,0.7089,0.1369,0.8078,1.0,0.6371,0.0705,0.1093,0.0,0.8988,0.0,0.8702,0.0906,0.4988,0.5154,
crohot,48b8486910,5,forest,6,1103.3,52.7254,1.0,0.0986,0.0145,1.0,0.1206,0.0977,0.5413,0.0,0.1206,0.0,0.8702,0.0906,0.4988,0.5154,
crohot,48b8486910,5,forest,7,538.5,52.7254,0.8482,0.1371,0.0,1.0,0.0,0.1371,0.5685,0.0,0.0,0.0,0.8702,0.0906,0.4988,0.5154,
crohot,48b8486910,5,forest,8,613.2,52.7254,0.3213,0.159,0.2507,1.0,0.1609,0.1351,0.4342,0.0,0.5007,0.0,0.8702,0.0906,0.4988,0.5154,
crohot,48b8486910,5,forest,9,118.1,52.7254,0.0,0.0,0.316,1.0,0.0,0.0,0.342,0.0,0.5621,0.0,0.8702,0.0906,0.4988,0.5154,
crohot,48b8486910,5,forest,10,516.8,52.7254,0.212,0.2008,0.013,1.0,0.0242,0.1992,0.5926,0.0,0.1142,0.0,0.8702,0.0906,0.4988,0.5154,
crohot,48b8486910,5,forest,11,321.9,52.7254,0.3002,0.08,0.4228,1.0,0.1952,0.0597,0.3117,0.0,0.6502,0.0,0.8702,0.0906,0.4988,0.5154,
crohot,48b8486910,5,forest,12,505.5,52.7254,0.3653,0.0907,0.0,1.0,0.0,0.0907,0.5453,0.0,0.0,0.0,0.8702,0.0906,0.4988,0.5154,
crohot,48b8486910,5,forest,13,559.7,52.7254,1.0,0.0975,0.9855,1.0,0.9927,0.0399,0.008,0.0,0.9927,0.0,0.8702,0.0906,0.4988,0.5154,
crohot,48b8486910,5,forest,14,413.8,52.7254,0.7219,0.0862,0.2084,1.0,0.3295,0.0754,0.4299,0.0,0.4565,0.0,0.8702,0.0906,0.4988,0.5154,
crohot,48b8486910,5,forest,15,847.3,52.7254,1.0,0.0768,0.1247,1.0,0.3532,0.0711,0.4713,0.0,0.3532,0.0,0.8702,0.0906,0.4988,0.5154,
crohot,48b8486910,5,forest,16,111.5,52.7254,0.0,0.0,0.7968,0.8063,0.0,0.0,0.1016,0.0,0.7197,0.0197,0.8702,0.0906,0.4988,0.5154,
crohot,48b8486910,5,forest,17,99.9,52.7254,0.0,0.1109,0.2571,1.0,0.0,0.0938,0.4126,0.0,0.507,0.0,0.8702,0.0906,0.4988,0.5154,
crohot,48b8486910,5,forest,18,668.1,52.7254,1.0,0.2526,0.9381,1.0,0.9685,0.1104,0.0388,0.0,0.9685,0.0,0.8702,0.0906,0.4988,0.5154,
crohot,483b2a4ff6,5,forest,0,365.8,-15.6978,0.103,0.112,0.0249,1.0,0.0162,0.1103,0.5422,0.0,0.1577,0.0,0.8702,0.0007,0.4841,0.5181,
crohot,483b2a4ff6,5,forest,1,652.0,-15.6978,0.9502,0.1941,0.8174,1.0,0.8591,0.0989,0.109,0.0,0.9041,0.0,0.8702,0.0007,0.4841,0.5181,
crohot,483b2a4ff6,5,forest,2,887.9,-15.6978,0.5108,0.1439,0.0278,1.0,0.0852,0.1415,0.556,0.0,0.1668,0.0,0.8702,0.0007,0.4841,0.5181,
crohot,483b2a4ff6,5,forest,3,332.4,-15.6978,0.2661,0.1123,0.6383,1.0,0.2126,0.0693,0.2012,0.0,0.7989,0.0,0.8702,0.0007,0.4841,0.5181,
crohot,483b2a4ff6,5,forest,4,297.8,-15.6978,0.12,0.06,0.6888,1.0,0.0996,0.0352,0.1649,0.0,0.83,0.0,0.8702,0.0007,0.4841,0.5181,
crohot,483b2a4ff6,5,forest,5,442.2,-15.6978,0.0014,0.0821,1.0,1.0,0.0014,0.0329,0.0,0.0,1.0,0.0,0.8702,0.0007,0.4841,0.5181,
crohot,483b2a4ff6,5,forest,6,190.9,-15.6978,0.0,0.0,0.4691,1.0,0.0,0.0,0.2654,0.0,0.6849,0.0,0.8702,0.0007,0.4841,0.5181,
crohot,483b2a4ff6,5,forest,7,576.7,-15.6978,0.4253,0.0981,0.0,1.0,0.0,0.0981,0.5491,0.0,0.0,0.0,0.8702,0.0007,0.4841,0.5181,
crohot,483b2a4ff6,5,forest,8,204.7,-15.6978,0.9457,0.195,0.744,1.0,0.8157,0.1079,0.1529,0.0,0.8626,0.0,0.8702,0.0007,0.4841,0.5181,
crohot,483b2a4ff6,5,forest,9,561.3,-15.6978,0.2532,0.1156,0.1487,1.0,0.0977,0.1053,0.4748,0.0,0.3856,0.0,0.8702,0.0007,0.4841,0.5181,
crohot,483b2a4ff6,5,forest,10,1061.9,-15.6978,1.0,0.1372,0.0091,1.0,0.0956,0.1365,0.5634,0.0,0.0956,0.0,0.8702,0.0007,0.4841,0.5181,
crohot,483b2a4ff6,5,forest,11,257.4,-15.6978,0.0,0.0,0.4514,1.0,0.0,0.0,0.2743,0.0,0.6719,0.0,0.8702,0.0007,0.4841,0.5181,
crohot,483b2a4ff6,5,forest,12,316.4,-15.6978,0.0,0.0749,0.0,1.0,0.0,0.0749,0.5374,0.0,0.0,0.0,0.8702,0.0007,0.4841,0.5181,
crohot,483b2a4ff6,5,forest,13,280.5,-15.6978,1.0,0.0889,0.4733,1.0,0.688,0.0637,0.2868,0.0,0.688,0.0,0.8702,0.0007,0.4841,0.5181,
crohot,483b2a4ff6,5,forest,14,594.6,-15.6978,0.8755,0.176,0.9951,1.0,0.8733,0.0709,0.0029,0.0,0.9976,0.0,0.8702,0.0007,0.4841,0.5181,
crohot,483b2a4ff6,5,forest,15,558.2,-15.6978,0.6836,0.0,0.8,1.0,0.6115,0.0,0.1,0.0,0.8944,0.0,0.8702,0.0007,0.4841,0.5181,
crohot,483b2a4ff6,5,forest,16,294.6,-15.6978,0.0,0.3846,0.0,0.5677,0.0,0.3846,0.6923,0.0,0.0,0.2521,0.8702,0.0007,0.4841,0.5181,
crohot,483b2a4ff6,5,forest,17,423.1,-15.6978,0.0,0.0707,0.0911,1.0,0.0,0.0669,0.4866,0.0,0.3018,0.0,0.8702,0.0007,0.4841,0.5181,
crohot,483b2a4ff6,5,forest,18,695.2,-15.6978,1.0,0.2261,0.0,1.0,0.0,0.2261,0.6131,0.0,0.0,0.0,0.8702,0.0007,0.4841,0.5181,
crohot,6a9b772a23,5,forest,0,249.6,28.552,0.0884,0.0906,0.9963,1.0,0.0883,0.0365,0.002,0.0,0.9981,0.0,0.8702,0.0373,0.3034,0.5744,
crohot,6a9b772a23,5,forest,1,442.3,28.552,0.0,0.0,0.9601,1.0,0.0,0.0,0.0199,0.0,0.9799,0.0,0.8702,0.0373,0.3034,0.5744,
crohot,6a9b772a23,5,forest,2,559.5,28.552,0.0,0.0,0.0,1.0,0.0,0.0,0.5,0.0,0.0,0.0,0.8702,0.0373,0.3034,0.5744,
crohot,6a9b772a23,5,forest,3,362.7,28.552,0.0,0.0,0.0,0.4758,0.0,0.0,0.5,0.0,0.0,0.2621,0.8702,0.0373,0.3034,0.5744,
crohot,6a9b772a23,5,forest,4,496.2,28.552,0.0,0.0,0.4075,1.0,0.0,0.0,0.2962,0.0,0.6384,0.0,0.8702,0.0373,0.3034,0.5744,
crohot,6a9b772a23,5,forest,5,577.7,28.552,0.5161,0.0424,0.0,1.0,0.0,0.0424,0.5212,0.0,0.0,0.0,0.8702,0.0373,0.3034,0.5744,
crohot,6a9b772a23,5,forest,6,585.2,28.552,1.0,0.1167,0.0,1.0,0.0,0.1167,0.5583,0.0,0.0,0.0,0.8702,0.0373,0.3034,0.5744,
crohot,6a9b772a23,5,forest,7,546.5,28.552,0.0986,0.1083,0.0199,1.0,0.0139,0.107,0.5431,0.0,0.1412,0.0,0.8702,0.0373,0.3034,0.5744,
crohot,6a9b772a23,5,forest,8,158.7,28.552,0.0,0.0,0.0,0.0,0.0,0.0,0.5,0.0,0.0,0.5,0.8702,0.0373,0.3034,0.5744,
crohot,6a9b772a23,5,forest,9,668.6,28.552,0.0,0.0,0.0,1.0,0.0,0.0,0.5,0.0,0.0,0.0,0.8702,0.0373,0.3034,0.5744,
crohot,6a9b772a23,5,forest,10,329.7,28.552,0.0,0.0,0.0,1.0,0.0,0.0,0.5,0.0,0.0,0.0,0.8702,0.0373,0.3034,0.5744,
crohot,6a9b772a23,5,forest,11,293.4,28.552,0.0,0.0,0.0,0.5221,0.0,0.0,0.5,0.0,0.0,0.2389,0.8702,0.0373,0.3034,0.5744,
crohot,6a9b772a23,5,forest,12,483.6,28.552,0.0,0.0,0.0,1.0,0.0,0.0,0.5,0.0,0.0,0.0,0.8702,0.0373,0.3034,0.5744,
crohot,6a9b772a23,5,forest,13,694.1,28.552,0.031,0.0527,0.0,1.0,0.0,0.0527,0.5263,0.0,0.0,0.0,0.8702,0.0373,0.3034,0.5744,
crohot,6a9b772a23,5,forest,14,452.1,28.552,0.0323,0.12,0.874,1.0,0.0302,0.0571,0.0705,0.0,0.9349,0.0,0.8702,0.0373,0.3034,0.5744,
crohot,6a9b772a23,5,forest,15,344.5,28.552,0.0,0.0,0.0,1.0,0.0,0.0,0.5,0.0,0.0,0.0,0.8702,0.0373,0.3034,0.5744,
crohot,6a9b772a23,5,forest,16,562.7,28.552,0.2635,0.2453,0.0028,1.0,0.0139,0.2449,0.6209,0.0,0.0527,0.0,0.8702,0.0373,0.3034,0.5744,
crohot,6a9b772a23,5,forest,17,454.5,28.552,1.0,0.1462,0.8615,1.0,0.9282,0.0706,0.0794,0.0,0.9282,0.0,0.8702,0.0373,0.3034,0.5744,
crohot,6a9b772a23,5,forest,18,402.9,28.552,0.4748,0.183,0.3718,1.0,0.2895,0.1421,0.3716,0.0,0.6098,0.0,0.8702,0.0373,0.3034,0.5744,
crohot,30164f4344,5,forest,0,1175.0,-9.389,1.0,0.2105,0.6047,1.0,0.7776,0.1341,0.2393,0.0,0.7776,0.0,0.8702,0.0963,0.4972,0.7311,
crohot,30164f4344,5,forest,1,575.6,-9.389,0.0311,0.0,0.9454,0.7163,0.0302,0.0,0.0273,0.0,0.6965,0.0077,0.8702,0.0963,0.4972,0.7311,
crohot,30164f4344,5,forest,2,430.9,-9.389,0.0,0.0,0.0,0.1531,0.0,0.0,0.5,0.0,0.0,0.4235,0.8702,0.0963,0.4972,0.7311,
crohot,30164f4344,5,forest,3,404.1,-9.389,0.0,0.0,0.0,0.4543,0.0,0.0,0.5,0.0,0.0,0.2728,0.8702,0.0963,0.4972,0.7311,
crohot,30164f4344,5,forest,4,431.8,-9.389,0.0664,0.0,0.0,1.0,0.0,0.0,0.5,0.0,0.0,0.0,0.8702,0.0963,0.4972,0.7311,
crohot,30164f4344,5,forest,5,485.6,-9.389,0.3368,0.1341,0.8572,1.0,0.3118,0.0651,0.081,0.0,0.9259,0.0,0.8702,0.0963,0.4972,0.7311,
crohot,30164f4344,5,forest,6,632.7,-9.389,1.0,0.0997,0.5335,1.0,0.7304,0.0678,0.2565,0.0,0.7304,0.0,0.8702,0.0963,0.4972,0.7311,
crohot,30164f4344,5,forest,7,415.5,-9.389,0.0,0.0,0.7936,1.0,0.0,0.0,0.1032,0.0,0.8908,0.0,0.8702,0.0963,0.4972,0.7311,
crohot,30164f4344,5,forest,8,294.5,-9.389,0.0,0.0,0.0,0.3166,0.0,0.0,0.5,0.0,0.0,0.3417,0.8702,0.0963,0.4972,0.7311,
crohot,30164f4344,5,forest,9,641.6,-9.389,0.1648,0.1126,0.0,1.0,0.0,0.1126,0.5563,0.0,0.0,0.0,0.8702,0.0963,0.4972,0.7311,
crohot,30164f4344,5,forest,10,430.5,-9.389,0.0436,0.1091,0.6718,1.0,0.0358,0.0651,0.182,0.0,0.8196,0.0,0.8702,0.0963,0.4972,0.7311,
crohot,30164f4344,5,forest,11,598.9,-9.389,0.7438,0.1146,0.3265,1.0,0.425,0.0922,0.3754,0.0,0.5714,0.0,0.8702,0.0963,0.4972,0.7311,
crohot,30164f4344,5,forest,12,397.0,-9.389,0.5008,0.1406,0.1012,1.0,0.1594,0.132,0.5126,0.0,0.3182,0.0,0.8702,0.0963,0.4972,0.7311,
crohot,30164f4344,5,forest,13,481.2,-9.389,0.8596,0.186,0.6905,1.0,0.7143,0.1089,0.1836,0.0,0.8309,0.0,0.8702,0.0963,0.4972,0.7311,
crohot,30164f4344,5,forest,14,666.6,-9.389,0.1765,0.152,0.5262,1.0,0.128,0.104,0.2729,0.0,0.7254,0.0,0.8702,0.0963,0.4972,0.7311,
crohot,30164f4344,5,forest,15,427.6,-9.389,0.4121,0.2114,0.9453,1.0,0.4007,0.0915,0.0332,0.0,0.9722,0.0,0.8702,0.0963,0.4972,0.7311,
crohot,30164f4344,5,forest,16,119.1,-9.389,0.0,0.0383,0.0,0.9288,0.0,0.0383,0.5192,0.0,0.0031,0.0357,0.8702,0.0963,0.4972,0.7311,
crohot,30164f4344,5,forest,17,144.8,-9.389,0.0733,0.0,0.0,1.0,0.0,0.0,0.5,0.0,0.0,0.0,0.8702,0.0963,0.4972,0.7311,
crohot,30164f4344,5,forest,18,1113.7,-9.389,0.3549,0.1279,0.0817,1.0,0.1014,0.1216,0.5179,0.0,0.2858,0.0,0.8702,0.0963,0.4972,0.7311,
